from_symbol,to_symbol
P2ry12,Gnai1
P2ry12,Gnai2
P2ry12,Gnai3
Gnai1,Nos3
Gnai1,Adcy4
Gnai1,Adcy3
Gnai1,Adcy6
Gnai1,Adcy7
Gnai1,Adcy8
Gnai1,Adcy9
Gnai1,Adcy2
Gnai1,Adcy5
Gnai1,Adcy10
Gnai1,Adcy1
Gnai1,Plcb1
Gnai1,Plcb2
Gnai1,Plcb3
Gnai1,Plcb4
Gnai1,Pik3ca
Gnai1,Pik3cd
Gnai1,Pik3cg
Gnai1,Pik3cb
Gnai1,Pla2g4a
Gnai1,Pla2g4b
Gnai1,Pla2g4c
Gnai1,Pla2g4f
Gnai1,Pla2g4e
Gnai1,Pla2g4d
Gnai1,Mapk1
Gnai1,Mapk3
Gnai1,Hras
Gnai1,Kras
Gnai1,Nras
Gnai1,Src
Gnai1,Pik3r1
Gnai1,Pik3r2
Gnai1,Pik3r3
Gnai1,Mapk11
Gnai1,Mapk13
Gnai1,Mapk14
Gnai1,Mapk12
Gnai1,Mapk10
Gnai1,Mapk8
Gnai1,Mapk9
Gnai1,Gm5741
Gnai1,Gng12
Gnai1,Cacna1a
Gnai1,Cacna1b
Gnai1,Cacna1c
Gnai1,Cacna1d
Gnai1,Cacna1s
Gnai1,Cacna1f
Gnai1,Gnb1
Gnai1,Gnb2
Gnai1,Gnb3
Gnai1,Gnb4
Gnai1,Gnb5
Gnai1,Gngt1
Gnai1,Gng10
Gnai1,Gng2
Gnai1,Gng3
Gnai1,Gng4
Gnai1,Gng5
Gnai1,Gng7
Gnai1,Gng8
Gnai1,Gngt2
Gnai1,Gng13
Gnai1,Gng11
Gnai1,Rapgef3
Gnai1,Rapgef4
Gnai1,Pik3r6
Gnai1,Pik3r5
Gnai1,Prkce
Gnai1,Il12a
Gnai1,Il12b
Gnai1,Fgr
Gnai1,Hck
Gnai1,Lyn
Gnai1,Kcnj3
Gnai1,Mmp14
Gnai1,Mmp15
Gnai1,Mmp16
Gnai1,Mmp24
Gnai1,Mmp17
Gnai1,Mmp25
Gnai1,Kcnj5
Gnai1,Kcnj6
Gnai1,Kcnj9
Gnai1,Scn1a
Gnai2,Nos3
Gnai2,Adcy4
Gnai2,Adcy3
Gnai2,Adcy6
Gnai2,Adcy7
Gnai2,Adcy8
Gnai2,Adcy9
Gnai2,Adcy2
Gnai2,Adcy5
Gnai2,Adcy10
Gnai2,Adcy1
Gnai2,Plcb1
Gnai2,Plcb2
Gnai2,Plcb3
Gnai2,Plcb4
Gnai2,Pik3ca
Gnai2,Pik3cd
Gnai2,Pik3cg
Gnai2,Pik3cb
Gnai2,Pla2g4a
Gnai2,Pla2g4b
Gnai2,Pla2g4c
Gnai2,Pla2g4f
Gnai2,Pla2g4e
Gnai2,Pla2g4d
Gnai2,Mapk1
Gnai2,Mapk3
Gnai2,Hras
Gnai2,Kras
Gnai2,Nras
Gnai2,Src
Gnai2,Pik3r1
Gnai2,Pik3r2
Gnai2,Pik3r3
Gnai2,Mapk11
Gnai2,Mapk13
Gnai2,Mapk14
Gnai2,Mapk12
Gnai2,Mapk10
Gnai2,Mapk8
Gnai2,Mapk9
Gnai2,Gm5741
Gnai2,Gng12
Gnai2,Cacna1a
Gnai2,Cacna1b
Gnai2,Cacna1c
Gnai2,Cacna1d
Gnai2,Cacna1s
Gnai2,Cacna1f
Gnai2,Gnb1
Gnai2,Gnb2
Gnai2,Gnb3
Gnai2,Gnb4
Gnai2,Gnb5
Gnai2,Gngt1
Gnai2,Gng10
Gnai2,Gng2
Gnai2,Gng3
Gnai2,Gng4
Gnai2,Gng5
Gnai2,Gng7
Gnai2,Gng8
Gnai2,Gngt2
Gnai2,Gng13
Gnai2,Gng11
Gnai2,Rapgef3
Gnai2,Rapgef4
Gnai2,Pik3r6
Gnai2,Pik3r5
Gnai2,Prkce
Gnai2,Il12a
Gnai2,Il12b
Gnai2,Fgr
Gnai2,Hck
Gnai2,Lyn
Gnai2,Kcnj3
Gnai2,Mmp14
Gnai2,Mmp15
Gnai2,Mmp16
Gnai2,Mmp24
Gnai2,Mmp17
Gnai2,Mmp25
Gnai2,Kcnj5
Gnai2,Kcnj6
Gnai2,Kcnj9
Gnai2,Scn1a
Gnai3,Nos3
Gnai3,Adcy4
Gnai3,Adcy3
Gnai3,Adcy6
Gnai3,Adcy7
Gnai3,Adcy8
Gnai3,Adcy9
Gnai3,Adcy2
Gnai3,Adcy5
Gnai3,Adcy10
Gnai3,Adcy1
Gnai3,Plcb1
Gnai3,Plcb2
Gnai3,Plcb3
Gnai3,Plcb4
Gnai3,Pik3ca
Gnai3,Pik3cd
Gnai3,Pik3cg
Gnai3,Pik3cb
Gnai3,Pla2g4a
Gnai3,Pla2g4b
Gnai3,Pla2g4c
Gnai3,Pla2g4f
Gnai3,Pla2g4e
Gnai3,Pla2g4d
Gnai3,Mapk1
Gnai3,Mapk3
Gnai3,Hras
Gnai3,Kras
Gnai3,Nras
Gnai3,Src
Gnai3,Pik3r1
Gnai3,Pik3r2
Gnai3,Pik3r3
Gnai3,Mapk11
Gnai3,Mapk13
Gnai3,Mapk14
Gnai3,Mapk12
Gnai3,Mapk10
Gnai3,Mapk8
Gnai3,Mapk9
Gnai3,Gm5741
Gnai3,Gng12
Gnai3,Cacna1a
Gnai3,Cacna1b
Gnai3,Cacna1c
Gnai3,Cacna1d
Gnai3,Cacna1s
Gnai3,Cacna1f
Gnai3,Gnb1
Gnai3,Gnb2
Gnai3,Gnb3
Gnai3,Gnb4
Gnai3,Gnb5
Gnai3,Gngt1
Gnai3,Gng10
Gnai3,Gng2
Gnai3,Gng3
Gnai3,Gng4
Gnai3,Gng5
Gnai3,Gng7
Gnai3,Gng8
Gnai3,Gngt2
Gnai3,Gng13
Gnai3,Gng11
Gnai3,Rapgef3
Gnai3,Rapgef4
Gnai3,Pik3r6
Gnai3,Pik3r5
Gnai3,Prkce
Gnai3,Il12a
Gnai3,Il12b
Gnai3,Fgr
Gnai3,Hck
Gnai3,Lyn
Gnai3,Kcnj3
Gnai3,Mmp14
Gnai3,Mmp15
Gnai3,Mmp16
Gnai3,Mmp24
Gnai3,Mmp17
Gnai3,Mmp25
Gnai3,Kcnj5
Gnai3,Kcnj6
Gnai3,Kcnj9
Gnai3,Scn1a
Nos3,Azin2
Nos3,Mapk11
Nos3,Mapk13
Nos3,Mapk14
Nos3,Mapk12
Nos3,Mapk10
Nos3,Mapk8
Nos3,Mapk9
Nos3,Otc
Adcy4,Pkm
Adcy4,Pklr
Adcy4,Pde1a
Adcy4,Pde1b
Adcy4,Pde1c
Adcy4,Pde3b
Adcy4,Gm45837
Adcy4,Pde10a
Adcy4,Pde11a
Adcy4,Pde3a
Adcy4,Entpd1
Adcy4,Entpd3
Adcy4,Entpd8
Adcy4,Nme7
Adcy4,Nme1
Adcy4,Nme2
Adcy4,Nme6
Adcy4,Nme4
Adcy4,Ak9
Adcy4,Nme3
Adcy4,Pde6c
Adcy4,Pde6d
Adcy4,Pde9a
Adcy4,Pde6b
Adcy4,Pde6g
Adcy4,Pde6a
Adcy4,Pde5a
Adcy4,Pde6h
Adcy4,Nudt2
Adcy4,Enpp1
Adcy4,Enpp3
Adcy4,Prkaca
Adcy4,Prkacb
Adcy4,Rapgef3
Adcy4,Rapgef4
Adcy3,Pkm
Adcy3,Pklr
Adcy3,Pde1a
Adcy3,Pde1b
Adcy3,Pde1c
Adcy3,Pde3b
Adcy3,Gm45837
Adcy3,Pde10a
Adcy3,Pde11a
Adcy3,Pde3a
Adcy3,Entpd1
Adcy3,Entpd3
Adcy3,Entpd8
Adcy3,Nme7
Adcy3,Nme1
Adcy3,Nme2
Adcy3,Nme6
Adcy3,Nme4
Adcy3,Ak9
Adcy3,Nme3
Adcy3,Pde6c
Adcy3,Pde6d
Adcy3,Pde9a
Adcy3,Pde6b
Adcy3,Pde6g
Adcy3,Pde6a
Adcy3,Pde5a
Adcy3,Pde6h
Adcy3,Nudt2
Adcy3,Enpp1
Adcy3,Enpp3
Adcy3,Prkaca
Adcy3,Prkacb
Adcy3,Rapgef3
Adcy3,Rapgef4
Adcy6,Pkm
Adcy6,Pklr
Adcy6,Pde1a
Adcy6,Pde1b
Adcy6,Pde1c
Adcy6,Pde3b
Adcy6,Gm45837
Adcy6,Pde10a
Adcy6,Pde11a
Adcy6,Pde3a
Adcy6,Entpd1
Adcy6,Entpd3
Adcy6,Entpd8
Adcy6,Nme7
Adcy6,Nme1
Adcy6,Nme2
Adcy6,Nme6
Adcy6,Nme4
Adcy6,Ak9
Adcy6,Nme3
Adcy6,Pde6c
Adcy6,Pde6d
Adcy6,Pde9a
Adcy6,Pde6b
Adcy6,Pde6g
Adcy6,Pde6a
Adcy6,Pde5a
Adcy6,Pde6h
Adcy6,Nudt2
Adcy6,Enpp1
Adcy6,Enpp3
Adcy6,Prkaca
Adcy6,Prkacb
Adcy6,Rapgef3
Adcy6,Rapgef4
Adcy7,Pkm
Adcy7,Pklr
Adcy7,Pde1a
Adcy7,Pde1b
Adcy7,Pde1c
Adcy7,Pde3b
Adcy7,Gm45837
Adcy7,Pde10a
Adcy7,Pde11a
Adcy7,Pde3a
Adcy7,Entpd1
Adcy7,Entpd3
Adcy7,Entpd8
Adcy7,Nme7
Adcy7,Nme1
Adcy7,Nme2
Adcy7,Nme6
Adcy7,Nme4
Adcy7,Ak9
Adcy7,Nme3
Adcy7,Pde6c
Adcy7,Pde6d
Adcy7,Pde9a
Adcy7,Pde6b
Adcy7,Pde6g
Adcy7,Pde6a
Adcy7,Pde5a
Adcy7,Pde6h
Adcy7,Nudt2
Adcy7,Enpp1
Adcy7,Enpp3
Adcy7,Prkaca
Adcy7,Prkacb
Adcy7,Rapgef3
Adcy7,Rapgef4
Adcy8,Pkm
Adcy8,Pklr
Adcy8,Pde1a
Adcy8,Pde1b
Adcy8,Pde1c
Adcy8,Pde3b
Adcy8,Gm45837
Adcy8,Pde10a
Adcy8,Pde11a
Adcy8,Pde3a
Adcy8,Entpd1
Adcy8,Entpd3
Adcy8,Entpd8
Adcy8,Nme7
Adcy8,Nme1
Adcy8,Nme2
Adcy8,Nme6
Adcy8,Nme4
Adcy8,Ak9
Adcy8,Nme3
Adcy8,Pde6c
Adcy8,Pde6d
Adcy8,Pde9a
Adcy8,Pde6b
Adcy8,Pde6g
Adcy8,Pde6a
Adcy8,Pde5a
Adcy8,Pde6h
Adcy8,Nudt2
Adcy8,Enpp1
Adcy8,Enpp3
Adcy8,Prkaca
Adcy8,Prkacb
Adcy8,Rapgef3
Adcy8,Rapgef4
Adcy9,Pkm
Adcy9,Pklr
Adcy9,Pde1a
Adcy9,Pde1b
Adcy9,Pde1c
Adcy9,Pde3b
Adcy9,Gm45837
Adcy9,Pde10a
Adcy9,Pde11a
Adcy9,Pde3a
Adcy9,Entpd1
Adcy9,Entpd3
Adcy9,Entpd8
Adcy9,Nme7
Adcy9,Nme1
Adcy9,Nme2
Adcy9,Nme6
Adcy9,Nme4
Adcy9,Ak9
Adcy9,Nme3
Adcy9,Pde6c
Adcy9,Pde6d
Adcy9,Pde9a
Adcy9,Pde6b
Adcy9,Pde6g
Adcy9,Pde6a
Adcy9,Pde5a
Adcy9,Pde6h
Adcy9,Nudt2
Adcy9,Enpp1
Adcy9,Enpp3
Adcy9,Prkaca
Adcy9,Prkacb
Adcy9,Rapgef3
Adcy9,Rapgef4
Adcy2,Pkm
Adcy2,Pklr
Adcy2,Pde1a
Adcy2,Pde1b
Adcy2,Pde1c
Adcy2,Pde3b
Adcy2,Gm45837
Adcy2,Pde10a
Adcy2,Pde11a
Adcy2,Pde3a
Adcy2,Entpd1
Adcy2,Entpd3
Adcy2,Entpd8
Adcy2,Nme7
Adcy2,Nme1
Adcy2,Nme2
Adcy2,Nme6
Adcy2,Nme4
Adcy2,Ak9
Adcy2,Nme3
Adcy2,Pde6c
Adcy2,Pde6d
Adcy2,Pde9a
Adcy2,Pde6b
Adcy2,Pde6g
Adcy2,Pde6a
Adcy2,Pde5a
Adcy2,Pde6h
Adcy2,Nudt2
Adcy2,Enpp1
Adcy2,Enpp3
Adcy2,Prkaca
Adcy2,Prkacb
Adcy2,Rapgef3
Adcy2,Rapgef4
Adcy5,Pkm
Adcy5,Pklr
Adcy5,Pde1a
Adcy5,Pde1b
Adcy5,Pde1c
Adcy5,Pde3b
Adcy5,Gm45837
Adcy5,Pde10a
Adcy5,Pde11a
Adcy5,Pde3a
Adcy5,Entpd1
Adcy5,Entpd3
Adcy5,Entpd8
Adcy5,Nme7
Adcy5,Nme1
Adcy5,Nme2
Adcy5,Nme6
Adcy5,Nme4
Adcy5,Ak9
Adcy5,Nme3
Adcy5,Pde6c
Adcy5,Pde6d
Adcy5,Pde9a
Adcy5,Pde6b
Adcy5,Pde6g
Adcy5,Pde6a
Adcy5,Pde5a
Adcy5,Pde6h
Adcy5,Nudt2
Adcy5,Enpp1
Adcy5,Enpp3
Adcy5,Prkaca
Adcy5,Prkacb
Adcy5,Rapgef3
Adcy5,Rapgef4
Adcy10,Pkm
Adcy10,Pklr
Adcy10,Pde1a
Adcy10,Pde1b
Adcy10,Pde1c
Adcy10,Pde3b
Adcy10,Gm45837
Adcy10,Pde10a
Adcy10,Pde11a
Adcy10,Pde3a
Adcy10,Entpd1
Adcy10,Entpd3
Adcy10,Entpd8
Adcy10,Nme7
Adcy10,Nme1
Adcy10,Nme2
Adcy10,Nme6
Adcy10,Nme4
Adcy10,Ak9
Adcy10,Nme3
Adcy10,Pde6c
Adcy10,Pde6d
Adcy10,Pde9a
Adcy10,Pde6b
Adcy10,Pde6g
Adcy10,Pde6a
Adcy10,Pde5a
Adcy10,Pde6h
Adcy10,Nudt2
Adcy10,Enpp1
Adcy10,Enpp3
Adcy10,Prkaca
Adcy10,Prkacb
Adcy1,Pkm
Adcy1,Pklr
Adcy1,Pde1a
Adcy1,Pde1b
Adcy1,Pde1c
Adcy1,Pde3b
Adcy1,Gm45837
Adcy1,Pde10a
Adcy1,Pde11a
Adcy1,Pde3a
Adcy1,Entpd1
Adcy1,Entpd3
Adcy1,Entpd8
Adcy1,Nme7
Adcy1,Nme1
Adcy1,Nme2
Adcy1,Nme6
Adcy1,Nme4
Adcy1,Ak9
Adcy1,Nme3
Adcy1,Pde6c
Adcy1,Pde6d
Adcy1,Pde9a
Adcy1,Pde6b
Adcy1,Pde6g
Adcy1,Pde6a
Adcy1,Pde5a
Adcy1,Pde6h
Adcy1,Nudt2
Adcy1,Enpp1
Adcy1,Enpp3
Adcy1,Prkaca
Adcy1,Prkacb
Adcy1,Rapgef3
Adcy1,Rapgef4
Plcb1,Minpp1
Plcb1,Pip4k2b
Plcb1,Pip4k2c
Plcb1,Pip4k2a
Plcb1,Synj1
Plcb1,Inpp5b
Plcb1,Synj2
Plcb1,Ocrl
Plcb1,Inpp5e
Plcb1,Ipmk
Plcb1,Pten
Plcb1,Inpp5j
Plcb1,Inpp5k
Plcb1,Inpp5a
Plcb1,Itpka
Plcb1,Itpkc
Plcb1,Itpkb
Plcb1,Mtm1
Plcb1,Impa2
Plcb1,Impa1
Plcb1,Pip5k1c
Plcb1,Pip5k1b
Plcb1,Pip5k1a
Plcb1,Pip5kl1
Plcb1,Pik3c3
Plcb1,Mtmr4
Plcb1,Mtmr6
Plcb1,Mtmr1
Plcb1,Mtmr7
Plcb1,Mtmr3
Plcb1,Mtmr2
Plcb1,Mtmr14
Plcb1,Plcz1
Plcb1,Plcb1
Plcb1,Plcb2
Plcb1,Plcb3
Plcb1,Plcb4
Plcb1,Plcd1
Plcb1,Plcd4
Plcb1,Plcg1
Plcb1,Plcg2
Plcb1,Plcd3
Plcb1,Plce1
Plcb1,Pik3ca
Plcb1,Pik3cd
Plcb1,Pik3cg
Plcb1,Pik3cb
Plcb1,Pikfyve
Plcb1,Cdipt
Plcb1,Pik3c2a
Plcb1,Pik3c2g
Plcb1,Pik3c2b
Plcb1,Dgkz
Plcb1,Dgkg
Plcb1,Dgkq
Plcb1,Dgka
Plcb1,Dgkb
Plcb1,Dgkd
Plcb1,Dgki
Plcb1,Dgkk
Plcb1,Dgkh
Plcb1,Dgke
Plcb1,Egfr
Plcb1,Prkca
Plcb1,Prkcb
Plcb1,Prkcg
Plcb1,Pik3r1
Plcb1,Pik3r2
Plcb1,Pik3r3
Plcb1,Ppp3ca
Plcb1,Ppp3cb
Plcb1,Ppp3cc
Plcb1,Ppp3r1
Plcb1,Ppp3r2
Plcb1,Calm1
Plcb1,Calm2
Plcb1,Calm3
Plcb1,Calm5
Plcb1,Calml3
Plcb1,Calml4
Plcb1,Calm4
Plcb1,Camk2d
Plcb1,Camk2a
Plcb1,Camk2b
Plcb1,Camk2g
Plcb1,Prkce
Plcb1,Prkcd
Plcb1,Pi4kb
Plcb1,Pi4ka
Plcb1,Pi4k2b
Plcb1,Pi4k2a
Plcb1,Impad1
Plcb1,Itpr1
Plcb1,Itpr2
Plcb1,Itpr3
Plcb1,Kcnk3
Plcb1,Kcnk9
Plcb2,Minpp1
Plcb2,Pip4k2b
Plcb2,Pip4k2c
Plcb2,Pip4k2a
Plcb2,Synj1
Plcb2,Inpp5b
Plcb2,Synj2
Plcb2,Ocrl
Plcb2,Inpp5e
Plcb2,Ipmk
Plcb2,Pten
Plcb2,Inpp5j
Plcb2,Inpp5k
Plcb2,Inpp5a
Plcb2,Itpka
Plcb2,Itpkc
Plcb2,Itpkb
Plcb2,Mtm1
Plcb2,Impa2
Plcb2,Impa1
Plcb2,Pip5k1c
Plcb2,Pip5k1b
Plcb2,Pip5k1a
Plcb2,Pip5kl1
Plcb2,Pik3c3
Plcb2,Mtmr4
Plcb2,Mtmr6
Plcb2,Mtmr1
Plcb2,Mtmr7
Plcb2,Mtmr3
Plcb2,Mtmr2
Plcb2,Mtmr14
Plcb2,Plcz1
Plcb2,Plcb1
Plcb2,Plcb2
Plcb2,Plcb3
Plcb2,Plcb4
Plcb2,Plcd1
Plcb2,Plcd4
Plcb2,Plcg1
Plcb2,Plcg2
Plcb2,Plcd3
Plcb2,Plce1
Plcb2,Pik3ca
Plcb2,Pik3cd
Plcb2,Pik3cg
Plcb2,Pik3cb
Plcb2,Pikfyve
Plcb2,Cdipt
Plcb2,Pik3c2a
Plcb2,Pik3c2g
Plcb2,Pik3c2b
Plcb2,Dgkz
Plcb2,Dgkg
Plcb2,Dgkq
Plcb2,Dgka
Plcb2,Dgkb
Plcb2,Dgkd
Plcb2,Dgki
Plcb2,Dgkk
Plcb2,Dgkh
Plcb2,Dgke
Plcb2,Egfr
Plcb2,Prkca
Plcb2,Prkcb
Plcb2,Prkcg
Plcb2,Pik3r1
Plcb2,Pik3r2
Plcb2,Pik3r3
Plcb2,Ppp3ca
Plcb2,Ppp3cb
Plcb2,Ppp3cc
Plcb2,Ppp3r1
Plcb2,Ppp3r2
Plcb2,Calm1
Plcb2,Calm2
Plcb2,Calm3
Plcb2,Calm5
Plcb2,Calml3
Plcb2,Calml4
Plcb2,Calm4
Plcb2,Camk2d
Plcb2,Camk2a
Plcb2,Camk2b
Plcb2,Camk2g
Plcb2,Prkce
Plcb2,Prkcd
Plcb2,Pi4kb
Plcb2,Pi4ka
Plcb2,Pi4k2b
Plcb2,Pi4k2a
Plcb2,Impad1
Plcb2,Itpr1
Plcb2,Itpr2
Plcb2,Itpr3
Plcb2,Kcnk3
Plcb2,Kcnk9
Plcb3,Minpp1
Plcb3,Pip4k2b
Plcb3,Pip4k2c
Plcb3,Pip4k2a
Plcb3,Synj1
Plcb3,Inpp5b
Plcb3,Synj2
Plcb3,Ocrl
Plcb3,Inpp5e
Plcb3,Ipmk
Plcb3,Pten
Plcb3,Inpp5j
Plcb3,Inpp5k
Plcb3,Inpp5a
Plcb3,Itpka
Plcb3,Itpkc
Plcb3,Itpkb
Plcb3,Mtm1
Plcb3,Impa2
Plcb3,Impa1
Plcb3,Pip5k1c
Plcb3,Pip5k1b
Plcb3,Pip5k1a
Plcb3,Pip5kl1
Plcb3,Pik3c3
Plcb3,Mtmr4
Plcb3,Mtmr6
Plcb3,Mtmr1
Plcb3,Mtmr7
Plcb3,Mtmr3
Plcb3,Mtmr2
Plcb3,Mtmr14
Plcb3,Plcz1
Plcb3,Plcb1
Plcb3,Plcb2
Plcb3,Plcb3
Plcb3,Plcb4
Plcb3,Plcd1
Plcb3,Plcd4
Plcb3,Plcg1
Plcb3,Plcg2
Plcb3,Plcd3
Plcb3,Plce1
Plcb3,Pik3ca
Plcb3,Pik3cd
Plcb3,Pik3cg
Plcb3,Pik3cb
Plcb3,Pikfyve
Plcb3,Cdipt
Plcb3,Pik3c2a
Plcb3,Pik3c2g
Plcb3,Pik3c2b
Plcb3,Dgkz
Plcb3,Dgkg
Plcb3,Dgkq
Plcb3,Dgka
Plcb3,Dgkb
Plcb3,Dgkd
Plcb3,Dgki
Plcb3,Dgkk
Plcb3,Dgkh
Plcb3,Dgke
Plcb3,Egfr
Plcb3,Prkca
Plcb3,Prkcb
Plcb3,Prkcg
Plcb3,Pik3r1
Plcb3,Pik3r2
Plcb3,Pik3r3
Plcb3,Ppp3ca
Plcb3,Ppp3cb
Plcb3,Ppp3cc
Plcb3,Ppp3r1
Plcb3,Ppp3r2
Plcb3,Calm1
Plcb3,Calm2
Plcb3,Calm3
Plcb3,Calm5
Plcb3,Calml3
Plcb3,Calml4
Plcb3,Calm4
Plcb3,Camk2d
Plcb3,Camk2a
Plcb3,Camk2b
Plcb3,Camk2g
Plcb3,Prkce
Plcb3,Prkcd
Plcb3,Pi4kb
Plcb3,Pi4ka
Plcb3,Pi4k2b
Plcb3,Pi4k2a
Plcb3,Impad1
Plcb3,Itpr1
Plcb3,Itpr2
Plcb3,Itpr3
Plcb3,Kcnk3
Plcb3,Kcnk9
Plcb4,Minpp1
Plcb4,Pip4k2b
Plcb4,Pip4k2c
Plcb4,Pip4k2a
Plcb4,Synj1
Plcb4,Inpp5b
Plcb4,Synj2
Plcb4,Ocrl
Plcb4,Inpp5e
Plcb4,Ipmk
Plcb4,Pten
Plcb4,Inpp5j
Plcb4,Inpp5k
Plcb4,Inpp5a
Plcb4,Itpka
Plcb4,Itpkc
Plcb4,Itpkb
Plcb4,Mtm1
Plcb4,Impa2
Plcb4,Impa1
Plcb4,Pip5k1c
Plcb4,Pip5k1b
Plcb4,Pip5k1a
Plcb4,Pip5kl1
Plcb4,Pik3c3
Plcb4,Mtmr4
Plcb4,Mtmr6
Plcb4,Mtmr1
Plcb4,Mtmr7
Plcb4,Mtmr3
Plcb4,Mtmr2
Plcb4,Mtmr14
Plcb4,Plcz1
Plcb4,Plcb1
Plcb4,Plcb2
Plcb4,Plcb3
Plcb4,Plcb4
Plcb4,Plcd1
Plcb4,Plcd4
Plcb4,Plcg1
Plcb4,Plcg2
Plcb4,Plcd3
Plcb4,Plce1
Plcb4,Pik3ca
Plcb4,Pik3cd
Plcb4,Pik3cg
Plcb4,Pik3cb
Plcb4,Pikfyve
Plcb4,Cdipt
Plcb4,Pik3c2a
Plcb4,Pik3c2g
Plcb4,Pik3c2b
Plcb4,Dgkz
Plcb4,Dgkg
Plcb4,Dgkq
Plcb4,Dgka
Plcb4,Dgkb
Plcb4,Dgkd
Plcb4,Dgki
Plcb4,Dgkk
Plcb4,Dgkh
Plcb4,Dgke
Plcb4,Egfr
Plcb4,Prkca
Plcb4,Prkcb
Plcb4,Prkcg
Plcb4,Pik3r1
Plcb4,Pik3r2
Plcb4,Pik3r3
Plcb4,Ppp3ca
Plcb4,Ppp3cb
Plcb4,Ppp3cc
Plcb4,Ppp3r1
Plcb4,Ppp3r2
Plcb4,Calm1
Plcb4,Calm2
Plcb4,Calm3
Plcb4,Calm5
Plcb4,Calml3
Plcb4,Calml4
Plcb4,Calm4
Plcb4,Camk2d
Plcb4,Camk2a
Plcb4,Camk2b
Plcb4,Camk2g
Plcb4,Prkce
Plcb4,Prkcd
Plcb4,Pi4kb
Plcb4,Pi4ka
Plcb4,Pi4k2b
Plcb4,Pi4k2a
Plcb4,Impad1
Plcb4,Itpr1
Plcb4,Itpr2
Plcb4,Itpr3
Plcb4,Kcnk3
Plcb4,Kcnk9
Pik3ca,Pip4k2b
Pik3ca,Pip4k2c
Pik3ca,Pip4k2a
Pik3ca,Synj1
Pik3ca,Inpp5b
Pik3ca,Synj2
Pik3ca,Ocrl
Pik3ca,Inpp5e
Pik3ca,Pten
Pik3ca,Pip5k1c
Pik3ca,Pip5k1b
Pik3ca,Pip5k1a
Pik3ca,Pip5kl1
Pik3ca,Plcg1
Pik3ca,Plcg2
Pik3ca,Inpp5d
Pik3ca,Inppl1
Pik3ca,Chkb
Pik3ca,Chka
Pik3ca,Pld1
Pik3ca,Pld2
Pik3ca,Mtor
Pik3ca,Akt1
Pik3ca,Akt2
Pik3ca,Akt3
Pik3ca,Raf1
Pik3ca,Hras
Pik3ca,Kras
Pik3ca,Nras
Pik3ca,Src
Pik3ca,Foxo3
Pik3ca,Ptk2
Pik3ca,Pdpk1
Pik3ca,Casp3
Pik3ca,Cdc42
Pik3ca,Rac3
Pik3ca,Rac1
Pik3ca,Rac2
Pik3ca,Vav1
Pik3ca,Vav2
Pik3ca,Vav3
Pik3ca,Lcp2
Pik3ca,Itk
Pik3ca,Prkcd
Pik3ca,Prkcz
Pik3ca,Prex1
Pik3ca,Btk
Pik3ca,Hif1a
Pik3ca,Pdk1
Pik3ca,Foxo1
Pik3ca,Cyth1
Pik3ca,Cyth2
Pik3ca,Cyth3
Pik3ca,Cyth4
Pik3ca,Itgb3
Pik3ca,Ilk
Pik3ca,Prkci
Pik3ca,Itga2b
Pik3ca,Txk
Pik3ca,Itgav
Pik3ca,Thra
Pik3ca,Atp1a1
Pik3ca,Atp1b1
Pik3ca,Atp1b2
Pik3ca,Atp1b3
Pik3ca,Fxyd2
Pik3ca,Atp1a3
Pik3ca,Atp1a4
Pik3ca,Atp1b4
Pik3ca,Atp1a2
Pik3ca,Snx18
Pik3ca,Snx33
Pik3ca,Snx9
Pik3ca,Pip4p1
Pik3ca,Pip4p2
Pik3ca,Slc2a4
Pik3ca,Dnm2
Pik3ca,Amph
Pik3ca,Bin1
Pik3ca,Rcan2
Pik3cd,Pip4k2b
Pik3cd,Pip4k2c
Pik3cd,Pip4k2a
Pik3cd,Synj1
Pik3cd,Inpp5b
Pik3cd,Synj2
Pik3cd,Ocrl
Pik3cd,Inpp5e
Pik3cd,Pten
Pik3cd,Pip5k1c
Pik3cd,Pip5k1b
Pik3cd,Pip5k1a
Pik3cd,Pip5kl1
Pik3cd,Plcg1
Pik3cd,Plcg2
Pik3cd,Inpp5d
Pik3cd,Inppl1
Pik3cd,Chkb
Pik3cd,Chka
Pik3cd,Pld1
Pik3cd,Pld2
Pik3cd,Mtor
Pik3cd,Akt1
Pik3cd,Akt2
Pik3cd,Akt3
Pik3cd,Raf1
Pik3cd,Hras
Pik3cd,Kras
Pik3cd,Nras
Pik3cd,Src
Pik3cd,Foxo3
Pik3cd,Ptk2
Pik3cd,Pdpk1
Pik3cd,Casp3
Pik3cd,Cdc42
Pik3cd,Rac3
Pik3cd,Rac1
Pik3cd,Rac2
Pik3cd,Vav1
Pik3cd,Vav2
Pik3cd,Vav3
Pik3cd,Lcp2
Pik3cd,Itk
Pik3cd,Prkcd
Pik3cd,Prkcz
Pik3cd,Prex1
Pik3cd,Btk
Pik3cd,Hif1a
Pik3cd,Pdk1
Pik3cd,Foxo1
Pik3cd,Cyth1
Pik3cd,Cyth2
Pik3cd,Cyth3
Pik3cd,Cyth4
Pik3cd,Itgb3
Pik3cd,Ilk
Pik3cd,Prkci
Pik3cd,Itga2b
Pik3cd,Txk
Pik3cd,Itgav
Pik3cd,Thra
Pik3cd,Atp1a1
Pik3cd,Atp1b1
Pik3cd,Atp1b2
Pik3cd,Atp1b3
Pik3cd,Fxyd2
Pik3cd,Atp1a3
Pik3cd,Atp1a4
Pik3cd,Atp1b4
Pik3cd,Atp1a2
Pik3cd,Snx18
Pik3cd,Snx33
Pik3cd,Snx9
Pik3cd,Pip4p1
Pik3cd,Pip4p2
Pik3cd,Slc2a4
Pik3cd,Dnm2
Pik3cd,Amph
Pik3cd,Bin1
Pik3cd,Rcan2
Pik3cg,Synj1
Pik3cg,Inpp5b
Pik3cg,Synj2
Pik3cg,Ocrl
Pik3cg,Inpp5e
Pik3cg,Pip5k1c
Pik3cg,Pip5k1b
Pik3cg,Pip5k1a
Pik3cg,Pip5kl1
Pik3cg,Inpp5d
Pik3cg,Inppl1
Pik3cg,Egfr
Pik3cg,Akt1
Pik3cg,Akt2
Pik3cg,Akt3
Pik3cg,Hras
Pik3cg,Kras
Pik3cg,Nras
Pik3cg,Ptk2
Pik3cg,Pdpk1
Pik3cg,Itk
Pik3cg,Prkcz
Pik3cg,Prex1
Pik3cg,Cyth1
Pik3cg,Cyth2
Pik3cg,Cyth3
Pik3cg,Cyth4
Pik3cg,Snx18
Pik3cg,Snx33
Pik3cg,Snx9
Pik3cb,Pip4k2b
Pik3cb,Pip4k2c
Pik3cb,Pip4k2a
Pik3cb,Synj1
Pik3cb,Inpp5b
Pik3cb,Synj2
Pik3cb,Ocrl
Pik3cb,Inpp5e
Pik3cb,Pten
Pik3cb,Pip5k1c
Pik3cb,Pip5k1b
Pik3cb,Pip5k1a
Pik3cb,Pip5kl1
Pik3cb,Plcg1
Pik3cb,Plcg2
Pik3cb,Inpp5d
Pik3cb,Inppl1
Pik3cb,Chkb
Pik3cb,Chka
Pik3cb,Pld1
Pik3cb,Pld2
Pik3cb,Mtor
Pik3cb,Akt1
Pik3cb,Akt2
Pik3cb,Akt3
Pik3cb,Raf1
Pik3cb,Hras
Pik3cb,Kras
Pik3cb,Nras
Pik3cb,Src
Pik3cb,Foxo3
Pik3cb,Ptk2
Pik3cb,Pdpk1
Pik3cb,Casp3
Pik3cb,Cdc42
Pik3cb,Rac3
Pik3cb,Rac1
Pik3cb,Rac2
Pik3cb,Vav1
Pik3cb,Vav2
Pik3cb,Vav3
Pik3cb,Lcp2
Pik3cb,Itk
Pik3cb,Prkcd
Pik3cb,Prkcz
Pik3cb,Prex1
Pik3cb,Btk
Pik3cb,Hif1a
Pik3cb,Pdk1
Pik3cb,Foxo1
Pik3cb,Cyth1
Pik3cb,Cyth2
Pik3cb,Cyth3
Pik3cb,Cyth4
Pik3cb,Itgb3
Pik3cb,Ilk
Pik3cb,Prkci
Pik3cb,Itga2b
Pik3cb,Txk
Pik3cb,Itgav
Pik3cb,Thra
Pik3cb,Atp1a1
Pik3cb,Atp1b1
Pik3cb,Atp1b2
Pik3cb,Atp1b3
Pik3cb,Fxyd2
Pik3cb,Atp1a3
Pik3cb,Atp1a4
Pik3cb,Atp1b4
Pik3cb,Atp1a2
Pik3cb,Snx18
Pik3cb,Snx33
Pik3cb,Snx9
Pik3cb,Pip4p1
Pik3cb,Pip4p2
Pik3cb,Slc2a4
Pik3cb,Dnm2
Pik3cb,Amph
Pik3cb,Bin1
Pik3cb,Rcan2
Pla2g4a,Cyp2e1
Pla2g4a,Lpcat1
Pla2g4a,Lpcat2
Pla2g4a,Lpcat2b
Pla2g4a,Lpcat4
Pla2g4a,Chpt1
Pla2g4a,Cept1
Pla2g4a,Plaat3
Pla2g4a,Plb1
Pla2g4a,Pld4
Pla2g4a,Pld1
Pla2g4a,Pld2
Pla2g4a,Pld3
Pla2g4a,Selenoi
Pla2g4a,Lypla1
Pla2g4a,Pnpla7
Pla2g4a,Pnpla6
Pla2g4a,Pisd
Pla2g4a,Pemt
Pla2g4a,Enpp6
Pla2g4a,Cyp2j11
Pla2g4a,Cyp2j5
Pla2g4a,Cyp2j6
Pla2g4a,Cyp2j13
Pla2g4a,Cyp2j12
Pla2g4a,Cyp2j8
Pla2g4a,Cyp2j9
Pla2g4a,Ptgs1
Pla2g4a,Ptgs2
Pla2g4a,Alox5
Pla2g4a,Fads2
Pla2g4a,Prkca
Pla2g4a,Prkcb
Pla2g4a,Prkcg
Pla2g4a,Pla2g15
Pla2g4b,Cyp2e1
Pla2g4b,Lpcat1
Pla2g4b,Lpcat2
Pla2g4b,Lpcat2b
Pla2g4b,Lpcat4
Pla2g4b,Chpt1
Pla2g4b,Cept1
Pla2g4b,Plaat3
Pla2g4b,Plb1
Pla2g4b,Pld4
Pla2g4b,Pld1
Pla2g4b,Pld2
Pla2g4b,Pld3
Pla2g4b,Selenoi
Pla2g4b,Lypla1
Pla2g4b,Pnpla7
Pla2g4b,Pnpla6
Pla2g4b,Pisd
Pla2g4b,Pemt
Pla2g4b,Enpp6
Pla2g4b,Cyp2j11
Pla2g4b,Cyp2j5
Pla2g4b,Cyp2j6
Pla2g4b,Cyp2j13
Pla2g4b,Cyp2j12
Pla2g4b,Cyp2j8
Pla2g4b,Cyp2j9
Pla2g4b,Ptgs1
Pla2g4b,Ptgs2
Pla2g4b,Alox5
Pla2g4b,Fads2
Pla2g4b,Prkca
Pla2g4b,Prkcb
Pla2g4b,Prkcg
Pla2g4b,Pla2g15
Pla2g4c,Cyp2e1
Pla2g4c,Lpcat1
Pla2g4c,Lpcat2
Pla2g4c,Lpcat2b
Pla2g4c,Lpcat4
Pla2g4c,Chpt1
Pla2g4c,Cept1
Pla2g4c,Plaat3
Pla2g4c,Plb1
Pla2g4c,Pld4
Pla2g4c,Pld1
Pla2g4c,Pld2
Pla2g4c,Pld3
Pla2g4c,Selenoi
Pla2g4c,Lypla1
Pla2g4c,Pnpla7
Pla2g4c,Pnpla6
Pla2g4c,Pisd
Pla2g4c,Pemt
Pla2g4c,Enpp6
Pla2g4c,Cyp2j11
Pla2g4c,Cyp2j5
Pla2g4c,Cyp2j6
Pla2g4c,Cyp2j13
Pla2g4c,Cyp2j12
Pla2g4c,Cyp2j8
Pla2g4c,Cyp2j9
Pla2g4c,Ptgs1
Pla2g4c,Ptgs2
Pla2g4c,Alox5
Pla2g4c,Fads2
Pla2g4c,Prkca
Pla2g4c,Prkcb
Pla2g4c,Prkcg
Pla2g4c,Pla2g15
Pla2g4f,Cyp2e1
Pla2g4f,Lpcat1
Pla2g4f,Lpcat2
Pla2g4f,Lpcat2b
Pla2g4f,Lpcat4
Pla2g4f,Chpt1
Pla2g4f,Cept1
Pla2g4f,Plaat3
Pla2g4f,Plb1
Pla2g4f,Pld4
Pla2g4f,Pld1
Pla2g4f,Pld2
Pla2g4f,Pld3
Pla2g4f,Selenoi
Pla2g4f,Lypla1
Pla2g4f,Pnpla7
Pla2g4f,Pnpla6
Pla2g4f,Pisd
Pla2g4f,Pemt
Pla2g4f,Enpp6
Pla2g4f,Cyp2j11
Pla2g4f,Cyp2j5
Pla2g4f,Cyp2j6
Pla2g4f,Cyp2j13
Pla2g4f,Cyp2j12
Pla2g4f,Cyp2j8
Pla2g4f,Cyp2j9
Pla2g4f,Ptgs1
Pla2g4f,Ptgs2
Pla2g4f,Alox5
Pla2g4f,Fads2
Pla2g4f,Prkca
Pla2g4f,Prkcb
Pla2g4f,Prkcg
Pla2g4f,Pla2g15
Pla2g4e,Cyp2e1
Pla2g4e,Lpcat1
Pla2g4e,Lpcat2
Pla2g4e,Lpcat2b
Pla2g4e,Lpcat4
Pla2g4e,Chpt1
Pla2g4e,Cept1
Pla2g4e,Plaat3
Pla2g4e,Plb1
Pla2g4e,Pld4
Pla2g4e,Pld1
Pla2g4e,Pld2
Pla2g4e,Pld3
Pla2g4e,Selenoi
Pla2g4e,Lypla1
Pla2g4e,Pnpla7
Pla2g4e,Pnpla6
Pla2g4e,Pisd
Pla2g4e,Pemt
Pla2g4e,Enpp6
Pla2g4e,Cyp2j11
Pla2g4e,Cyp2j5
Pla2g4e,Cyp2j6
Pla2g4e,Cyp2j13
Pla2g4e,Cyp2j12
Pla2g4e,Cyp2j8
Pla2g4e,Cyp2j9
Pla2g4e,Ptgs1
Pla2g4e,Ptgs2
Pla2g4e,Alox5
Pla2g4e,Fads2
Pla2g4e,Prkca
Pla2g4e,Prkcb
Pla2g4e,Prkcg
Pla2g4e,Pla2g15
Pla2g4d,Cyp2e1
Pla2g4d,Lpcat1
Pla2g4d,Lpcat2
Pla2g4d,Lpcat2b
Pla2g4d,Lpcat4
Pla2g4d,Chpt1
Pla2g4d,Cept1
Pla2g4d,Plaat3
Pla2g4d,Plb1
Pla2g4d,Pld4
Pla2g4d,Pld1
Pla2g4d,Pld2
Pla2g4d,Pld3
Pla2g4d,Selenoi
Pla2g4d,Lypla1
Pla2g4d,Pnpla7
Pla2g4d,Pnpla6
Pla2g4d,Pisd
Pla2g4d,Pemt
Pla2g4d,Enpp6
Pla2g4d,Cyp2j11
Pla2g4d,Cyp2j5
Pla2g4d,Cyp2j6
Pla2g4d,Cyp2j13
Pla2g4d,Cyp2j12
Pla2g4d,Cyp2j8
Pla2g4d,Cyp2j9
Pla2g4d,Ptgs1
Pla2g4d,Ptgs2
Pla2g4d,Alox5
Pla2g4d,Fads2
Pla2g4d,Prkca
Pla2g4d,Prkcb
Pla2g4d,Prkcg
Pla2g4d,Pla2g15
Mapk1,Nos1
Mapk1,Nos2
Mapk1,Pcyt1a
Mapk1,Pcyt1b
Mapk1,Plaat3
Mapk1,Pla2g1b
Mapk1,Pla2g2a
Mapk1,Pla2g2c
Mapk1,Pla2g2d
Mapk1,Pla2g4a
Mapk1,Pla2g5
Mapk1,Pla2g4b
Mapk1,Pla2g4c
Mapk1,Pla2g3
Mapk1,Pla2g10
Mapk1,Pla2g2e
Mapk1,Pla2g2f
Mapk1,Pla2g4f
Mapk1,Pla2g4e
Mapk1,Pla2g6
Mapk1,Pla2g12a
Mapk1,Pla2g12b
Mapk1,Pla2g4d
Mapk1,Pla1a
Mapk1,Ptgs2
Mapk1,Sphk1
Mapk1,Sphk2
Mapk1,Eif4ebp1
Mapk1,Rps6kb2
Mapk1,Rps6kb1
Mapk1,Prkca
Mapk1,Prkcb
Mapk1,Prkcg
Mapk1,Hras
Mapk1,Kras
Mapk1,Nras
Mapk1,Bcl2
Mapk1,Bcl2l11
Mapk1,Igf1
Mapk1,Vegfa
Mapk1,Il6
Mapk1,Foxo3
Mapk1,Esr1
Mapk1,Esr2
Mapk1,Mmp2
Mapk1,Mmp9
Mapk1,Mapk11
Mapk1,Mapk13
Mapk1,Mapk14
Mapk1,Mapk12
Mapk1,Jag1
Mapk1,Trp53
Mapk1,Cdkn1a
Mapk1,Ccnd1
Mapk1,Cdk4
Mapk1,Nfkb1
Mapk1,Rela
Mapk1,Bad
Mapk1,Lamtor3
Mapk1,Rps6ka4
Mapk1,Rps6ka5
Mapk1,Elk4
Mapk1,Elk1
Mapk1,Casp3
Mapk1,Il1a
Mapk1,Il1b
Mapk1,Tnf
Mapk1,Rps6ka3
Mapk1,Rps6ka1
Mapk1,Rps6ka2
Mapk1,Rps6ka6
Mapk1,Mknk1
Mapk1,Mknk2
Mapk1,Vegfd
Mapk1,Vegfb
Mapk1,Vegfc
Mapk1,Foxo4
Mapk1,Rock1
Mapk1,Rock2
Mapk1,Nfatc1
Mapk1,Nfatc2
Mapk1,Nfatc3
Mapk1,Irs1
Mapk1,Irs3
Mapk1,Irs4
Mapk1,Irs2
Mapk1,Creb1
Mapk1,Creb3
Mapk1,Creb3l2
Mapk1,Creb3l3
Mapk1,Creb5
Mapk1,Creb3l1
Mapk1,Creb3l4
Mapk1,Il18
Mapk1,Ifng
Mapk1,Csf2
Mapk1,Il23a
Mapk1,Il12a
Mapk1,Il12b
Mapk1,Hif1a
Mapk1,Foxo6
Mapk1,Foxo1
Mapk1,Tsc2
Mapk1,Tsc1
Mapk1,Gnrh1
Mapk1,Pdyn
Mapk1,Smad2
Mapk1,Smad3
Mapk1,Myc
Mapk1,Ar
Mapk1,Igfbp3
Mapk1,Atf4
Mapk1,Sp1
Mapk1,Jun
Mapk1,Atf6b
Mapk1,Tbc1d7
Mapk1,Atf2
Mapk1,Nr4a1
Mapk1,Fos
Mapk1,Stat1
Mapk1,Ets1
Mapk1,Smad1
Mapk1,Smad5
Mapk1,Smad9
Mapk1,Mef2c
Mapk1,Egr1
Mapk1,Junb
Mapk1,Socs3
Mapk1,Socs1
Mapk1,Gja1
Mapk1,Gjd2
Mapk1,Tbx3
Mapk1,Plau
Mapk1,Socs2
Mapk1,Slc9a1
Mapk1,Mitf
Mapk1,Thrb
Mapk1,Atp1a1
Mapk1,Atp1b1
Mapk1,Atp1b2
Mapk1,Atp1b3
Mapk1,Fxyd2
Mapk1,Atp1a3
Mapk1,Atp1a4
Mapk1,Atp1b4
Mapk1,Atp1a2
Mapk1,Mapt
Mapk1,Ets2
Mapk1,Stmn1
Mapk1,Cald1
Mapk1,Snai2
Mapk1,Plaur
Mapk1,Igfals
Mapk3,Nos1
Mapk3,Nos2
Mapk3,Pcyt1a
Mapk3,Pcyt1b
Mapk3,Plaat3
Mapk3,Pla2g1b
Mapk3,Pla2g2a
Mapk3,Pla2g2c
Mapk3,Pla2g2d
Mapk3,Pla2g4a
Mapk3,Pla2g5
Mapk3,Pla2g4b
Mapk3,Pla2g4c
Mapk3,Pla2g3
Mapk3,Pla2g10
Mapk3,Pla2g2e
Mapk3,Pla2g2f
Mapk3,Pla2g4f
Mapk3,Pla2g4e
Mapk3,Pla2g6
Mapk3,Pla2g12a
Mapk3,Pla2g12b
Mapk3,Pla2g4d
Mapk3,Pla1a
Mapk3,Ptgs2
Mapk3,Sphk1
Mapk3,Sphk2
Mapk3,Eif4ebp1
Mapk3,Rps6kb2
Mapk3,Rps6kb1
Mapk3,Prkca
Mapk3,Prkcb
Mapk3,Prkcg
Mapk3,Hras
Mapk3,Kras
Mapk3,Nras
Mapk3,Bcl2
Mapk3,Bcl2l11
Mapk3,Igf1
Mapk3,Vegfa
Mapk3,Il6
Mapk3,Foxo3
Mapk3,Esr1
Mapk3,Esr2
Mapk3,Mmp2
Mapk3,Mmp9
Mapk3,Mapk11
Mapk3,Mapk13
Mapk3,Mapk14
Mapk3,Mapk12
Mapk3,Jag1
Mapk3,Trp53
Mapk3,Cdkn1a
Mapk3,Ccnd1
Mapk3,Cdk4
Mapk3,Nfkb1
Mapk3,Rela
Mapk3,Bad
Mapk3,Lamtor3
Mapk3,Rps6ka4
Mapk3,Rps6ka5
Mapk3,Elk4
Mapk3,Elk1
Mapk3,Casp3
Mapk3,Il1a
Mapk3,Il1b
Mapk3,Tnf
Mapk3,Rps6ka3
Mapk3,Rps6ka1
Mapk3,Rps6ka2
Mapk3,Rps6ka6
Mapk3,Mknk1
Mapk3,Mknk2
Mapk3,Vegfd
Mapk3,Vegfb
Mapk3,Vegfc
Mapk3,Foxo4
Mapk3,Rock1
Mapk3,Rock2
Mapk3,Nfatc1
Mapk3,Nfatc2
Mapk3,Nfatc3
Mapk3,Irs1
Mapk3,Irs3
Mapk3,Irs4
Mapk3,Irs2
Mapk3,Creb1
Mapk3,Creb3
Mapk3,Creb3l2
Mapk3,Creb3l3
Mapk3,Creb5
Mapk3,Creb3l1
Mapk3,Creb3l4
Mapk3,Il18
Mapk3,Ifng
Mapk3,Csf2
Mapk3,Il23a
Mapk3,Il12a
Mapk3,Il12b
Mapk3,Hif1a
Mapk3,Foxo6
Mapk3,Foxo1
Mapk3,Tsc2
Mapk3,Tsc1
Mapk3,Gnrh1
Mapk3,Pdyn
Mapk3,Smad2
Mapk3,Smad3
Mapk3,Myc
Mapk3,Ar
Mapk3,Igfbp3
Mapk3,Atf4
Mapk3,Sp1
Mapk3,Jun
Mapk3,Atf6b
Mapk3,Tbc1d7
Mapk3,Atf2
Mapk3,Nr4a1
Mapk3,Fos
Mapk3,Stat1
Mapk3,Ets1
Mapk3,Smad1
Mapk3,Smad5
Mapk3,Smad9
Mapk3,Mef2c
Mapk3,Egr1
Mapk3,Junb
Mapk3,Socs3
Mapk3,Socs1
Mapk3,Gja1
Mapk3,Gjd2
Mapk3,Tbx3
Mapk3,Plau
Mapk3,Socs2
Mapk3,Slc9a1
Mapk3,Mitf
Mapk3,Thrb
Mapk3,Atp1a1
Mapk3,Atp1b1
Mapk3,Atp1b2
Mapk3,Atp1b3
Mapk3,Fxyd2
Mapk3,Atp1a3
Mapk3,Atp1a4
Mapk3,Atp1b4
Mapk3,Atp1a2
Mapk3,Mapt
Mapk3,Ets2
Mapk3,Stmn1
Mapk3,Cald1
Mapk3,Snai2
Mapk3,Plaur
Mapk3,Igfals
Hras,Plcg1
Hras,Plce1
Hras,Pik3ca
Hras,Pik3cd
Hras,Pik3cb
Hras,Pld1
Hras,Pld2
Hras,Mapk1
Hras,Mapk3
Hras,Map2k1
Hras,Map2k2
Hras,Braf
Hras,Raf1
Hras,Araf
Hras,Pik3r1
Hras,Pik3r2
Hras,Pik3r3
Hras,Mapk11
Hras,Mapk13
Hras,Mapk14
Hras,Mapk12
Hras,Mapk10
Hras,Mapk8
Hras,Mapk9
Hras,Cdkn2a
Hras,Pdpk1
Hras,Map3k1
Hras,Rps6ka3
Hras,Rps6ka1
Hras,Rps6ka2
Hras,Rps6ka6
Hras,Tiam1
Hras,Ralgds
Hras,Rgl1
Hras,Rgl2
Hras,Rin1
Hras,Ralbp1
Hras,Rassf5
Hras,Rassf1
Hras,Rapgef5
Hras,Brap
Hras,Afdn
Hras,Hif1a
Hras,Mos
Hras,Jun
Hras,Fos
Hras,Map3k3
Hras,Arhgef6
Kras,Plcg1
Kras,Plce1
Kras,Pik3ca
Kras,Pik3cd
Kras,Pik3cb
Kras,Pld1
Kras,Pld2
Kras,Mapk1
Kras,Mapk3
Kras,Map2k1
Kras,Map2k2
Kras,Braf
Kras,Raf1
Kras,Araf
Kras,Pik3r1
Kras,Pik3r2
Kras,Pik3r3
Kras,Mapk11
Kras,Mapk13
Kras,Mapk14
Kras,Mapk12
Kras,Mapk10
Kras,Mapk8
Kras,Mapk9
Kras,Cdkn2a
Kras,Pdpk1
Kras,Map3k1
Kras,Rps6ka3
Kras,Rps6ka1
Kras,Rps6ka2
Kras,Rps6ka6
Kras,Tiam1
Kras,Ralgds
Kras,Rgl1
Kras,Rgl2
Kras,Rin1
Kras,Ralbp1
Kras,Rassf5
Kras,Rassf1
Kras,Rapgef5
Kras,Brap
Kras,Afdn
Kras,Hif1a
Kras,Mos
Kras,Jun
Kras,Fos
Kras,Map3k3
Kras,Arhgef6
Nras,Plcg1
Nras,Plce1
Nras,Pik3ca
Nras,Pik3cd
Nras,Pik3cb
Nras,Pld1
Nras,Pld2
Nras,Mapk1
Nras,Mapk3
Nras,Map2k1
Nras,Map2k2
Nras,Braf
Nras,Raf1
Nras,Araf
Nras,Pik3r1
Nras,Pik3r2
Nras,Pik3r3
Nras,Mapk11
Nras,Mapk13
Nras,Mapk14
Nras,Mapk12
Nras,Mapk10
Nras,Mapk8
Nras,Mapk9
Nras,Cdkn2a
Nras,Pdpk1
Nras,Map3k1
Nras,Rps6ka3
Nras,Rps6ka1
Nras,Rps6ka2
Nras,Rps6ka6
Nras,Tiam1
Nras,Ralgds
Nras,Rgl1
Nras,Rgl2
Nras,Rin1
Nras,Ralbp1
Nras,Rassf5
Nras,Rassf1
Nras,Rapgef5
Nras,Brap
Nras,Afdn
Nras,Hif1a
Nras,Mos
Nras,Jun
Nras,Fos
Nras,Map3k3
Nras,Arhgef6
Src,Pik3ca
Src,Pik3cd
Src,Pik3cg
Src,Pik3cb
Src,Egfr
Src,Grb2
Src,Shc1
Src,Shc3
Src,Shc2
Src,Shc4
Src,Raf1
Src,Hras
Src,Kras
Src,Nras
Src,Stat3
Src,Esr1
Src,Esr2
Src,Mmp2
Src,Mmp9
Src,Ncoa3
Src,Med1
Src,Carm1
Src,Pik3r1
Src,Pik3r2
Src,Pik3r3
Src,Ptk2
Src,Cdc42
Src,Rac3
Src,Rac1
Src,Rac2
Src,Crk
Src,Crkl
Src,Ctnnb1
Src,Farp2
Src,Bcar1
Src,Pik3r6
Src,Pik3r5
Src,Elmo1
Src,Itk
Src,Ptk2b
Src,Dock2
Src,Syk
Src,Fundc1
Src,Sp1
Src,Jun
Src,Fos
Src,Dcc
Src,Unc5a
Src,Unc5b
Src,Unc5d
Src,Unc5c
Src,Pxn
Src,Arhgap5
Src,Arhgap35
Src,Cav1
Src,Cav2
Src,Cav3
Src,Ocln
Src,Tjp1
Src,Cttn
Src,Hcls1
Src,Gja1
Src,Gjd2
Src,Map3k2
Src,Trpv1
Src,Arhgef7
Src,Git2
Pik3r1,Pip4k2b
Pik3r1,Pip4k2c
Pik3r1,Pip4k2a
Pik3r1,Synj1
Pik3r1,Inpp5b
Pik3r1,Synj2
Pik3r1,Ocrl
Pik3r1,Inpp5e
Pik3r1,Pten
Pik3r1,Inpp4b
Pik3r1,Inpp4a
Pik3r1,Mtm1
Pik3r1,Pip5k1c
Pik3r1,Pip5k1b
Pik3r1,Pip5k1a
Pik3r1,Mtmr4
Pik3r1,Mtmr6
Pik3r1,Mtmr1
Pik3r1,Mtmr7
Pik3r1,Mtmr3
Pik3r1,Mtmr2
Pik3r1,Mtmr14
Pik3r1,Plcz1
Pik3r1,Plcb1
Pik3r1,Plcb2
Pik3r1,Plcb3
Pik3r1,Plcb4
Pik3r1,Plcd1
Pik3r1,Plcd4
Pik3r1,Plcg1
Pik3r1,Plcg2
Pik3r1,Plcd3
Pik3r1,Plce1
Pik3r1,Pikfyve
Pik3r1,Inpp5d
Pik3r1,Inppl1
Pik3r1,Chkb
Pik3r1,Chka
Pik3r1,Pld1
Pik3r1,Pld2
Pik3r1,Mtor
Pik3r1,Akt1
Pik3r1,Akt2
Pik3r1,Akt3
Pik3r1,Raf1
Pik3r1,Hras
Pik3r1,Kras
Pik3r1,Nras
Pik3r1,Src
Pik3r1,Foxo3
Pik3r1,Ptk2
Pik3r1,Pdpk1
Pik3r1,Casp3
Pik3r1,Cdc42
Pik3r1,Rac3
Pik3r1,Rac1
Pik3r1,Rac2
Pik3r1,Vav1
Pik3r1,Vav2
Pik3r1,Vav3
Pik3r1,Lcp2
Pik3r1,Itk
Pik3r1,Prkcd
Pik3r1,Prkcz
Pik3r1,Prex1
Pik3r1,Btk
Pik3r1,Hif1a
Pik3r1,Pdk1
Pik3r1,Foxo1
Pik3r1,Itgb3
Pik3r1,Ilk
Pik3r1,Prkci
Pik3r1,Itga2b
Pik3r1,Txk
Pik3r1,Itgav
Pik3r1,Thra
Pik3r1,Atp1a1
Pik3r1,Atp1b1
Pik3r1,Atp1b2
Pik3r1,Atp1b3
Pik3r1,Fxyd2
Pik3r1,Atp1a3
Pik3r1,Atp1a4
Pik3r1,Atp1b4
Pik3r1,Atp1a2
Pik3r1,Pip4p1
Pik3r1,Pip4p2
Pik3r1,Slc2a4
Pik3r1,Dnm2
Pik3r1,Amph
Pik3r1,Bin1
Pik3r1,Rcan2
Pik3r2,Pip4k2b
Pik3r2,Pip4k2c
Pik3r2,Pip4k2a
Pik3r2,Synj1
Pik3r2,Inpp5b
Pik3r2,Synj2
Pik3r2,Ocrl
Pik3r2,Inpp5e
Pik3r2,Pten
Pik3r2,Inpp4b
Pik3r2,Inpp4a
Pik3r2,Mtm1
Pik3r2,Pip5k1c
Pik3r2,Pip5k1b
Pik3r2,Pip5k1a
Pik3r2,Mtmr4
Pik3r2,Mtmr6
Pik3r2,Mtmr1
Pik3r2,Mtmr7
Pik3r2,Mtmr3
Pik3r2,Mtmr2
Pik3r2,Mtmr14
Pik3r2,Plcz1
Pik3r2,Plcb1
Pik3r2,Plcb2
Pik3r2,Plcb3
Pik3r2,Plcb4
Pik3r2,Plcd1
Pik3r2,Plcd4
Pik3r2,Plcg1
Pik3r2,Plcg2
Pik3r2,Plcd3
Pik3r2,Plce1
Pik3r2,Pikfyve
Pik3r2,Inpp5d
Pik3r2,Inppl1
Pik3r2,Chkb
Pik3r2,Chka
Pik3r2,Pld1
Pik3r2,Pld2
Pik3r2,Mtor
Pik3r2,Akt1
Pik3r2,Akt2
Pik3r2,Akt3
Pik3r2,Raf1
Pik3r2,Hras
Pik3r2,Kras
Pik3r2,Nras
Pik3r2,Src
Pik3r2,Foxo3
Pik3r2,Ptk2
Pik3r2,Pdpk1
Pik3r2,Casp3
Pik3r2,Cdc42
Pik3r2,Rac3
Pik3r2,Rac1
Pik3r2,Rac2
Pik3r2,Vav1
Pik3r2,Vav2
Pik3r2,Vav3
Pik3r2,Lcp2
Pik3r2,Itk
Pik3r2,Prkcd
Pik3r2,Prkcz
Pik3r2,Prex1
Pik3r2,Btk
Pik3r2,Hif1a
Pik3r2,Pdk1
Pik3r2,Foxo1
Pik3r2,Itgb3
Pik3r2,Ilk
Pik3r2,Prkci
Pik3r2,Itga2b
Pik3r2,Txk
Pik3r2,Itgav
Pik3r2,Thra
Pik3r2,Atp1a1
Pik3r2,Atp1b1
Pik3r2,Atp1b2
Pik3r2,Atp1b3
Pik3r2,Fxyd2
Pik3r2,Atp1a3
Pik3r2,Atp1a4
Pik3r2,Atp1b4
Pik3r2,Atp1a2
Pik3r2,Pip4p1
Pik3r2,Pip4p2
Pik3r2,Slc2a4
Pik3r2,Dnm2
Pik3r2,Amph
Pik3r2,Bin1
Pik3r2,Rcan2
Pik3r3,Pip4k2b
Pik3r3,Pip4k2c
Pik3r3,Pip4k2a
Pik3r3,Synj1
Pik3r3,Inpp5b
Pik3r3,Synj2
Pik3r3,Ocrl
Pik3r3,Inpp5e
Pik3r3,Pten
Pik3r3,Inpp4b
Pik3r3,Inpp4a
Pik3r3,Mtm1
Pik3r3,Pip5k1c
Pik3r3,Pip5k1b
Pik3r3,Pip5k1a
Pik3r3,Mtmr4
Pik3r3,Mtmr6
Pik3r3,Mtmr1
Pik3r3,Mtmr7
Pik3r3,Mtmr3
Pik3r3,Mtmr2
Pik3r3,Mtmr14
Pik3r3,Plcz1
Pik3r3,Plcb1
Pik3r3,Plcb2
Pik3r3,Plcb3
Pik3r3,Plcb4
Pik3r3,Plcd1
Pik3r3,Plcd4
Pik3r3,Plcg1
Pik3r3,Plcg2
Pik3r3,Plcd3
Pik3r3,Plce1
Pik3r3,Pikfyve
Pik3r3,Inpp5d
Pik3r3,Inppl1
Pik3r3,Chkb
Pik3r3,Chka
Pik3r3,Pld1
Pik3r3,Pld2
Pik3r3,Mtor
Pik3r3,Akt1
Pik3r3,Akt2
Pik3r3,Akt3
Pik3r3,Raf1
Pik3r3,Hras
Pik3r3,Kras
Pik3r3,Nras
Pik3r3,Src
Pik3r3,Foxo3
Pik3r3,Ptk2
Pik3r3,Pdpk1
Pik3r3,Casp3
Pik3r3,Cdc42
Pik3r3,Rac3
Pik3r3,Rac1
Pik3r3,Rac2
Pik3r3,Vav1
Pik3r3,Vav2
Pik3r3,Vav3
Pik3r3,Lcp2
Pik3r3,Itk
Pik3r3,Prkcd
Pik3r3,Prkcz
Pik3r3,Prex1
Pik3r3,Btk
Pik3r3,Hif1a
Pik3r3,Pdk1
Pik3r3,Foxo1
Pik3r3,Itgb3
Pik3r3,Ilk
Pik3r3,Prkci
Pik3r3,Itga2b
Pik3r3,Txk
Pik3r3,Itgav
Pik3r3,Thra
Pik3r3,Atp1a1
Pik3r3,Atp1b1
Pik3r3,Atp1b2
Pik3r3,Atp1b3
Pik3r3,Fxyd2
Pik3r3,Atp1a3
Pik3r3,Atp1a4
Pik3r3,Atp1b4
Pik3r3,Atp1a2
Pik3r3,Pip4p1
Pik3r3,Pip4p2
Pik3r3,Slc2a4
Pik3r3,Dnm2
Pik3r3,Amph
Pik3r3,Bin1
Pik3r3,Rcan2
Mapk11,Nos2
Mapk11,Akt1
Mapk11,Akt2
Mapk11,Akt3
Mapk11,Mapk1
Mapk11,Mapk3
Mapk11,Bcl2
Mapk11,Il6
Mapk11,Foxo3
Mapk11,Esr1
Mapk11,Esr2
Mapk11,Ncoa3
Mapk11,Med1
Mapk11,Carm1
Mapk11,Mapk10
Mapk11,Mapk8
Mapk11,Mapk9
Mapk11,Trp53
Mapk11,Cdkn2a
Mapk11,Nfkb1
Mapk11,Rela
Mapk11,Ppp2ca
Mapk11,Ppp2cb
Mapk11,Ppp2r2c
Mapk11,Ppp2r1a
Mapk11,Ppp2r2d
Mapk11,Ppp2r2a
Mapk11,Ppp2r2b
Mapk11,Ppp2r1b
Mapk11,Rps6ka4
Mapk11,Rps6ka5
Mapk11,Mapkapk3
Mapk11,Mapkapk2
Mapk11,Elk4
Mapk11,Elk1
Mapk11,Map2k6
Mapk11,Il1a
Mapk11,Il1b
Mapk11,Tnf
Mapk11,Mapkapk5
Mapk11,Foxo4
Mapk11,Nfatc1
Mapk11,Nfatc2
Mapk11,Nfatc3
Mapk11,Creb1
Mapk11,Creb3
Mapk11,Creb3l2
Mapk11,Creb3l3
Mapk11,Creb5
Mapk11,Creb3l1
Mapk11,Creb3l4
Mapk11,Il18
Mapk11,Il23a
Mapk11,Il12a
Mapk11,Il12b
Mapk11,Foxo6
Mapk11,Foxo1
Mapk11,Smad2
Mapk11,Smad3
Mapk11,Cdc25b
Mapk11,Cdc25c
Mapk11,Atf4
Mapk11,Sp1
Mapk11,Jun
Mapk11,Ddit3
Mapk11,Bax
Mapk11,Atf6b
Mapk11,Atf2
Mapk11,Ppargc1a
Mapk11,Fos
Mapk11,Mef2c
Mapk11,Fosb
Mapk11,Fosl1
Mapk11,Fosl2
Mapk11,Junb
Mapk11,Jund
Mapk11,Rorc
Mapk11,Rora
Mapk11,Trpv1
Mapk11,Nefl
Mapk11,Nefm
Mapk11,Nefh
Mapk11,Cebpb
Mapk11,Max
Mapk11,Irf4
Mapk11,Hspb2
Mapk13,Nos2
Mapk13,Akt1
Mapk13,Akt2
Mapk13,Akt3
Mapk13,Mapk1
Mapk13,Mapk3
Mapk13,Bcl2
Mapk13,Il6
Mapk13,Foxo3
Mapk13,Esr1
Mapk13,Esr2
Mapk13,Ncoa3
Mapk13,Med1
Mapk13,Carm1
Mapk13,Mapk10
Mapk13,Mapk8
Mapk13,Mapk9
Mapk13,Trp53
Mapk13,Cdkn2a
Mapk13,Nfkb1
Mapk13,Rela
Mapk13,Ppp2ca
Mapk13,Ppp2cb
Mapk13,Ppp2r2c
Mapk13,Ppp2r1a
Mapk13,Ppp2r2d
Mapk13,Ppp2r2a
Mapk13,Ppp2r2b
Mapk13,Ppp2r1b
Mapk13,Rps6ka4
Mapk13,Rps6ka5
Mapk13,Mapkapk3
Mapk13,Mapkapk2
Mapk13,Elk4
Mapk13,Elk1
Mapk13,Map2k6
Mapk13,Il1a
Mapk13,Il1b
Mapk13,Tnf
Mapk13,Mapkapk5
Mapk13,Foxo4
Mapk13,Nfatc1
Mapk13,Nfatc2
Mapk13,Nfatc3
Mapk13,Creb1
Mapk13,Creb3
Mapk13,Creb3l2
Mapk13,Creb3l3
Mapk13,Creb5
Mapk13,Creb3l1
Mapk13,Creb3l4
Mapk13,Il18
Mapk13,Il23a
Mapk13,Il12a
Mapk13,Il12b
Mapk13,Foxo6
Mapk13,Foxo1
Mapk13,Smad2
Mapk13,Smad3
Mapk13,Cdc25b
Mapk13,Cdc25c
Mapk13,Atf4
Mapk13,Sp1
Mapk13,Jun
Mapk13,Ddit3
Mapk13,Bax
Mapk13,Atf6b
Mapk13,Atf2
Mapk13,Ppargc1a
Mapk13,Fos
Mapk13,Mef2c
Mapk13,Fosb
Mapk13,Fosl1
Mapk13,Fosl2
Mapk13,Junb
Mapk13,Jund
Mapk13,Rorc
Mapk13,Rora
Mapk13,Trpv1
Mapk13,Nefl
Mapk13,Nefm
Mapk13,Nefh
Mapk13,Cebpb
Mapk13,Max
Mapk13,Irf4
Mapk13,Hspb2
Mapk14,Nos2
Mapk14,Akt1
Mapk14,Akt2
Mapk14,Akt3
Mapk14,Mapk1
Mapk14,Mapk3
Mapk14,Bcl2
Mapk14,Il6
Mapk14,Foxo3
Mapk14,Esr1
Mapk14,Esr2
Mapk14,Ncoa3
Mapk14,Med1
Mapk14,Carm1
Mapk14,Mapk10
Mapk14,Mapk8
Mapk14,Mapk9
Mapk14,Trp53
Mapk14,Cdkn2a
Mapk14,Nfkb1
Mapk14,Rela
Mapk14,Ppp2ca
Mapk14,Ppp2cb
Mapk14,Ppp2r2c
Mapk14,Ppp2r1a
Mapk14,Ppp2r2d
Mapk14,Ppp2r2a
Mapk14,Ppp2r2b
Mapk14,Ppp2r1b
Mapk14,Rps6ka4
Mapk14,Rps6ka5
Mapk14,Mapkapk3
Mapk14,Mapkapk2
Mapk14,Elk4
Mapk14,Elk1
Mapk14,Map2k6
Mapk14,Il1a
Mapk14,Il1b
Mapk14,Tnf
Mapk14,Mapkapk5
Mapk14,Foxo4
Mapk14,Nfatc1
Mapk14,Nfatc2
Mapk14,Nfatc3
Mapk14,Creb1
Mapk14,Creb3
Mapk14,Creb3l2
Mapk14,Creb3l3
Mapk14,Creb5
Mapk14,Creb3l1
Mapk14,Creb3l4
Mapk14,Il18
Mapk14,Il23a
Mapk14,Il12a
Mapk14,Il12b
Mapk14,Foxo6
Mapk14,Foxo1
Mapk14,Smad2
Mapk14,Smad3
Mapk14,Cdc25b
Mapk14,Cdc25c
Mapk14,Atf4
Mapk14,Sp1
Mapk14,Jun
Mapk14,Ddit3
Mapk14,Bax
Mapk14,Atf6b
Mapk14,Atf2
Mapk14,Ppargc1a
Mapk14,Fos
Mapk14,Mef2c
Mapk14,Fosb
Mapk14,Fosl1
Mapk14,Fosl2
Mapk14,Junb
Mapk14,Jund
Mapk14,Rorc
Mapk14,Rora
Mapk14,Trpv1
Mapk14,Nefl
Mapk14,Nefm
Mapk14,Nefh
Mapk14,Cebpb
Mapk14,Max
Mapk14,Irf4
Mapk14,Hspb2
Mapk12,Nos2
Mapk12,Akt1
Mapk12,Akt2
Mapk12,Akt3
Mapk12,Mapk1
Mapk12,Mapk3
Mapk12,Bcl2
Mapk12,Il6
Mapk12,Foxo3
Mapk12,Esr1
Mapk12,Esr2
Mapk12,Ncoa3
Mapk12,Med1
Mapk12,Carm1
Mapk12,Mapk10
Mapk12,Mapk8
Mapk12,Mapk9
Mapk12,Trp53
Mapk12,Cdkn2a
Mapk12,Nfkb1
Mapk12,Rela
Mapk12,Ppp2ca
Mapk12,Ppp2cb
Mapk12,Ppp2r2c
Mapk12,Ppp2r1a
Mapk12,Ppp2r2d
Mapk12,Ppp2r2a
Mapk12,Ppp2r2b
Mapk12,Ppp2r1b
Mapk12,Rps6ka4
Mapk12,Rps6ka5
Mapk12,Mapkapk3
Mapk12,Mapkapk2
Mapk12,Elk4
Mapk12,Elk1
Mapk12,Map2k6
Mapk12,Il1a
Mapk12,Il1b
Mapk12,Tnf
Mapk12,Mapkapk5
Mapk12,Foxo4
Mapk12,Nfatc1
Mapk12,Nfatc2
Mapk12,Nfatc3
Mapk12,Creb1
Mapk12,Creb3
Mapk12,Creb3l2
Mapk12,Creb3l3
Mapk12,Creb5
Mapk12,Creb3l1
Mapk12,Creb3l4
Mapk12,Il18
Mapk12,Il23a
Mapk12,Il12a
Mapk12,Il12b
Mapk12,Foxo6
Mapk12,Foxo1
Mapk12,Smad2
Mapk12,Smad3
Mapk12,Cdc25b
Mapk12,Cdc25c
Mapk12,Atf4
Mapk12,Sp1
Mapk12,Jun
Mapk12,Ddit3
Mapk12,Bax
Mapk12,Atf6b
Mapk12,Atf2
Mapk12,Ppargc1a
Mapk12,Fos
Mapk12,Mef2c
Mapk12,Fosb
Mapk12,Fosl1
Mapk12,Fosl2
Mapk12,Junb
Mapk12,Jund
Mapk12,Rorc
Mapk12,Rora
Mapk12,Trpv1
Mapk12,Nefl
Mapk12,Nefm
Mapk12,Nefh
Mapk12,Cebpb
Mapk12,Max
Mapk12,Irf4
Mapk12,Hspb2
Mapk10,Nos2
Mapk10,Pcyt1a
Mapk10,Pcyt1b
Mapk10,Pla2g4a
Mapk10,Pla2g4b
Mapk10,Pla2g4c
Mapk10,Pla2g4f
Mapk10,Pla2g4e
Mapk10,Pla2g4d
Mapk10,Bcl2
Mapk10,Bcl2l1
Mapk10,Src
Mapk10,Il6
Mapk10,Foxo3
Mapk10,Esr1
Mapk10,Esr2
Mapk10,Ncoa3
Mapk10,Med1
Mapk10,Carm1
Mapk10,Mapk11
Mapk10,Mapk13
Mapk10,Mapk14
Mapk10,Mapk12
Mapk10,Mapk10
Mapk10,Mapk8
Mapk10,Mapk9
Mapk10,Trp53
Mapk10,Nfkb1
Mapk10,Rela
Mapk10,Bad
Mapk10,Apaf1
Mapk10,Elk1
Mapk10,Il1a
Mapk10,Il1b
Mapk10,Tnf
Mapk10,Mapk8ip3
Mapk10,Crk
Mapk10,Crkl
Mapk10,Foxo4
Mapk10,Nfatc1
Mapk10,Nfatc3
Mapk10,Irs1
Mapk10,Irs3
Mapk10,Irs4
Mapk10,Irs2
Mapk10,Il18
Mapk10,Il23a
Mapk10,Il12a
Mapk10,Il12b
Mapk10,Foxo6
Mapk10,Foxo1
Mapk10,Smad4
Mapk10,Bid
Mapk10,Smad3
Mapk10,Sp1
Mapk10,Jun
Mapk10,Bax
Mapk10,Itch
Mapk10,Fos
Mapk10,Egr1
Mapk10,Fosb
Mapk10,Fosl1
Mapk10,Fosl2
Mapk10,Junb
Mapk10,Jund
Mapk10,Trpv1
Mapk10,Kif5a
Mapk10,Kif5b
Mapk10,Kif5c
Mapk10,Fth1
Mapk10,Ftl1
Mapk10,Klc1
Mapk10,Klc2
Mapk10,Klc3
Mapk10,Klc4
Mapk8,Nos2
Mapk8,Pcyt1a
Mapk8,Pcyt1b
Mapk8,Pla2g4a
Mapk8,Pla2g4b
Mapk8,Pla2g4c
Mapk8,Pla2g4f
Mapk8,Pla2g4e
Mapk8,Pla2g4d
Mapk8,Bcl2
Mapk8,Bcl2l1
Mapk8,Src
Mapk8,Il6
Mapk8,Foxo3
Mapk8,Esr1
Mapk8,Esr2
Mapk8,Ncoa3
Mapk8,Med1
Mapk8,Carm1
Mapk8,Mapk11
Mapk8,Mapk13
Mapk8,Mapk14
Mapk8,Mapk12
Mapk8,Mapk10
Mapk8,Mapk8
Mapk8,Mapk9
Mapk8,Trp53
Mapk8,Nfkb1
Mapk8,Rela
Mapk8,Bad
Mapk8,Apaf1
Mapk8,Elk1
Mapk8,Il1a
Mapk8,Il1b
Mapk8,Tnf
Mapk8,Mapk8ip3
Mapk8,Crk
Mapk8,Crkl
Mapk8,Foxo4
Mapk8,Nfatc1
Mapk8,Nfatc3
Mapk8,Irs1
Mapk8,Irs3
Mapk8,Irs4
Mapk8,Irs2
Mapk8,Il18
Mapk8,Il23a
Mapk8,Il12a
Mapk8,Il12b
Mapk8,Foxo6
Mapk8,Foxo1
Mapk8,Smad4
Mapk8,Bid
Mapk8,Smad3
Mapk8,Sp1
Mapk8,Jun
Mapk8,Bax
Mapk8,Itch
Mapk8,Fos
Mapk8,Egr1
Mapk8,Fosb
Mapk8,Fosl1
Mapk8,Fosl2
Mapk8,Junb
Mapk8,Jund
Mapk8,Trpv1
Mapk8,Kif5a
Mapk8,Kif5b
Mapk8,Kif5c
Mapk8,Fth1
Mapk8,Ftl1
Mapk8,Klc1
Mapk8,Klc2
Mapk8,Klc3
Mapk8,Klc4
Mapk9,Nos2
Mapk9,Pcyt1a
Mapk9,Pcyt1b
Mapk9,Pla2g4a
Mapk9,Pla2g4b
Mapk9,Pla2g4c
Mapk9,Pla2g4f
Mapk9,Pla2g4e
Mapk9,Pla2g4d
Mapk9,Bcl2
Mapk9,Bcl2l1
Mapk9,Src
Mapk9,Il6
Mapk9,Foxo3
Mapk9,Esr1
Mapk9,Esr2
Mapk9,Ncoa3
Mapk9,Med1
Mapk9,Carm1
Mapk9,Mapk11
Mapk9,Mapk13
Mapk9,Mapk14
Mapk9,Mapk12
Mapk9,Mapk10
Mapk9,Mapk8
Mapk9,Mapk9
Mapk9,Trp53
Mapk9,Nfkb1
Mapk9,Rela
Mapk9,Bad
Mapk9,Apaf1
Mapk9,Elk1
Mapk9,Il1a
Mapk9,Il1b
Mapk9,Tnf
Mapk9,Mapk8ip3
Mapk9,Crk
Mapk9,Crkl
Mapk9,Foxo4
Mapk9,Nfatc1
Mapk9,Nfatc3
Mapk9,Irs1
Mapk9,Irs3
Mapk9,Irs4
Mapk9,Irs2
Mapk9,Il18
Mapk9,Il23a
Mapk9,Il12a
Mapk9,Il12b
Mapk9,Foxo6
Mapk9,Foxo1
Mapk9,Smad4
Mapk9,Bid
Mapk9,Smad3
Mapk9,Sp1
Mapk9,Jun
Mapk9,Bax
Mapk9,Itch
Mapk9,Fos
Mapk9,Egr1
Mapk9,Fosb
Mapk9,Fosl1
Mapk9,Fosl2
Mapk9,Junb
Mapk9,Jund
Mapk9,Trpv1
Mapk9,Kif5a
Mapk9,Kif5b
Mapk9,Kif5c
Mapk9,Fth1
Mapk9,Ftl1
Mapk9,Klc1
Mapk9,Klc2
Mapk9,Klc3
Mapk9,Klc4
Gm5741,Adcy4
Gm5741,Adcy3
Gm5741,Adcy6
Gm5741,Adcy7
Gm5741,Adcy8
Gm5741,Adcy9
Gm5741,Adcy2
Gm5741,Adcy5
Gm5741,Adcy10
Gm5741,Adcy1
Gm5741,Plcb1
Gm5741,Plcb2
Gm5741,Plcb3
Gm5741,Plcb4
Gm5741,Plcg1
Gm5741,Plcg2
Gm5741,Pik3ca
Gm5741,Pik3cd
Gm5741,Pik3cg
Gm5741,Pik3cb
Gm5741,Mapk1
Gm5741,Mapk3
Gm5741,Hras
Gm5741,Kras
Gm5741,Nras
Gm5741,Pik3r1
Gm5741,Pik3r2
Gm5741,Pik3r3
Gm5741,Mapk11
Gm5741,Mapk13
Gm5741,Mapk14
Gm5741,Mapk12
Gm5741,Mapk10
Gm5741,Mapk8
Gm5741,Mapk9
Gm5741,Rasgrf1
Gm5741,Rasgrf2
Gm5741,Rasa2
Gm5741,Mras
Gm5741,Rras
Gm5741,Rras2
Gm5741,Cacna1a
Gm5741,Cacna1b
Gm5741,Cacna1c
Gm5741,Cacna1d
Gm5741,Cacna1s
Gm5741,Cacna1f
Gm5741,Rac3
Gm5741,Rac1
Gm5741,Rac2
Gm5741,Pak1
Gm5741,Pak2
Gm5741,Pak3
Gm5741,Pak6
Gm5741,Pak7
Gm5741,Pak4
Gm5741,Rhoa
Gm5741,4930544G11Rik
Gm5741,Camk4
Gm5741,Pik3r6
Gm5741,Pik3r5
Gm5741,Prkce
Gm5741,Prex1
Gm5741,Prkaa1
Gm5741,Prkaa2
Gm5741,Prkab2
Gm5741,Prkag2
Gm5741,Prkab1
Gm5741,Prkag1
Gm5741,Prkag3
Gm5741,Kcnj3
Gm5741,Fgd1
Gm5741,Fgd3
Gm5741,Kcnj5
Gm5741,Kcnj6
Gm5741,Kcnj9
Gm5741,Scn1a
Gng12,Adcy4
Gng12,Adcy3
Gng12,Adcy6
Gng12,Adcy7
Gng12,Adcy8
Gng12,Adcy9
Gng12,Adcy2
Gng12,Adcy5
Gng12,Adcy10
Gng12,Adcy1
Gng12,Plcb1
Gng12,Plcb2
Gng12,Plcb3
Gng12,Plcb4
Gng12,Plcg1
Gng12,Plcg2
Gng12,Pik3ca
Gng12,Pik3cd
Gng12,Pik3cg
Gng12,Pik3cb
Gng12,Mapk1
Gng12,Mapk3
Gng12,Hras
Gng12,Kras
Gng12,Nras
Gng12,Pik3r1
Gng12,Pik3r2
Gng12,Pik3r3
Gng12,Mapk11
Gng12,Mapk13
Gng12,Mapk14
Gng12,Mapk12
Gng12,Mapk10
Gng12,Mapk8
Gng12,Mapk9
Gng12,Rasgrf1
Gng12,Rasgrf2
Gng12,Rasa2
Gng12,Mras
Gng12,Rras
Gng12,Rras2
Gng12,Cacna1a
Gng12,Cacna1b
Gng12,Cacna1c
Gng12,Cacna1d
Gng12,Cacna1s
Gng12,Cacna1f
Gng12,Rac3
Gng12,Rac1
Gng12,Rac2
Gng12,Pak1
Gng12,Pak2
Gng12,Pak3
Gng12,Pak6
Gng12,Pak7
Gng12,Pak4
Gng12,Rhoa
Gng12,4930544G11Rik
Gng12,Camk4
Gng12,Pik3r6
Gng12,Pik3r5
Gng12,Prkce
Gng12,Prex1
Gng12,Prkaa1
Gng12,Prkaa2
Gng12,Prkab2
Gng12,Prkag2
Gng12,Prkab1
Gng12,Prkag1
Gng12,Prkag3
Gng12,Kcnj3
Gng12,Fgd1
Gng12,Fgd3
Gng12,Kcnj5
Gng12,Kcnj6
Gng12,Kcnj9
Gng12,Scn1a
Cacna1a,Rasgrf1
Cacna1a,Rasgrf2
Cacna1a,Rasgrp2
Cacna1a,Rasgrp1
Cacna1a,Rasgrp4
Cacna1a,Rasgrp3
Cacna1a,Ins1
Cacna1a,Ins2
Cacna1b,Rasgrf1
Cacna1b,Rasgrf2
Cacna1b,Rasgrp2
Cacna1b,Rasgrp1
Cacna1b,Rasgrp4
Cacna1b,Rasgrp3
Cacna1b,Ins1
Cacna1b,Ins2
Cacna1c,Nos1
Cacna1c,Rasgrf1
Cacna1c,Rasgrf2
Cacna1c,Rasgrp2
Cacna1c,Rasgrp1
Cacna1c,Rasgrp4
Cacna1c,Rasgrp3
Cacna1c,Ins1
Cacna1c,Ins2
Cacna1c,Calm1
Cacna1c,Calm2
Cacna1c,Calm3
Cacna1c,Calm5
Cacna1c,Calml3
Cacna1c,Calml4
Cacna1c,Calm4
Cacna1d,Nos1
Cacna1d,Rasgrf1
Cacna1d,Rasgrf2
Cacna1d,Rasgrp2
Cacna1d,Rasgrp1
Cacna1d,Rasgrp4
Cacna1d,Rasgrp3
Cacna1d,Ins1
Cacna1d,Ins2
Cacna1d,Calm1
Cacna1d,Calm2
Cacna1d,Calm3
Cacna1d,Calm5
Cacna1d,Calml3
Cacna1d,Calml4
Cacna1d,Calm4
Cacna1s,Rasgrf1
Cacna1s,Rasgrf2
Cacna1s,Rasgrp2
Cacna1s,Rasgrp1
Cacna1s,Rasgrp4
Cacna1s,Rasgrp3
Cacna1f,Rasgrf1
Cacna1f,Rasgrf2
Cacna1f,Rasgrp2
Cacna1f,Rasgrp1
Cacna1f,Rasgrp4
Cacna1f,Rasgrp3
Gnb1,Adcy4
Gnb1,Adcy3
Gnb1,Adcy6
Gnb1,Adcy7
Gnb1,Adcy8
Gnb1,Adcy9
Gnb1,Adcy2
Gnb1,Adcy5
Gnb1,Adcy10
Gnb1,Adcy1
Gnb1,Pde6b
Gnb1,Pde6g
Gnb1,Pde6a
Gnb1,Plcb1
Gnb1,Plcb2
Gnb1,Plcb3
Gnb1,Plcb4
Gnb1,Plcg1
Gnb1,Plcg2
Gnb1,Pik3ca
Gnb1,Pik3cd
Gnb1,Pik3cg
Gnb1,Pik3cb
Gnb1,Mapk1
Gnb1,Mapk3
Gnb1,Hras
Gnb1,Kras
Gnb1,Nras
Gnb1,Pik3r1
Gnb1,Pik3r2
Gnb1,Pik3r3
Gnb1,Mapk11
Gnb1,Mapk13
Gnb1,Mapk14
Gnb1,Mapk12
Gnb1,Mapk10
Gnb1,Mapk8
Gnb1,Mapk9
Gnb1,Rasgrf1
Gnb1,Rasgrf2
Gnb1,Mras
Gnb1,Rras
Gnb1,Rras2
Gnb1,Cacna1a
Gnb1,Cacna1b
Gnb1,Cacna1c
Gnb1,Cacna1d
Gnb1,Cacna1s
Gnb1,Cacna1f
Gnb1,Rac3
Gnb1,Rac1
Gnb1,Rac2
Gnb1,Rhoa
Gnb1,4930544G11Rik
Gnb1,Camk4
Gnb1,Pik3r6
Gnb1,Pik3r5
Gnb1,Prkce
Gnb1,Prex1
Gnb1,Prkaa1
Gnb1,Prkaa2
Gnb1,Prkab2
Gnb1,Prkag2
Gnb1,Prkab1
Gnb1,Prkag1
Gnb1,Prkag3
Gnb1,Kcnj3
Gnb1,Kcnj5
Gnb1,Kcnj6
Gnb1,Kcnj9
Gnb1,Scn1a
Gnb2,Adcy4
Gnb2,Adcy3
Gnb2,Adcy6
Gnb2,Adcy7
Gnb2,Adcy8
Gnb2,Adcy9
Gnb2,Adcy2
Gnb2,Adcy5
Gnb2,Adcy10
Gnb2,Adcy1
Gnb2,Plcb1
Gnb2,Plcb2
Gnb2,Plcb3
Gnb2,Plcb4
Gnb2,Plcg1
Gnb2,Plcg2
Gnb2,Pik3ca
Gnb2,Pik3cd
Gnb2,Pik3cg
Gnb2,Pik3cb
Gnb2,Mapk1
Gnb2,Mapk3
Gnb2,Hras
Gnb2,Kras
Gnb2,Nras
Gnb2,Pik3r1
Gnb2,Pik3r2
Gnb2,Pik3r3
Gnb2,Mapk11
Gnb2,Mapk13
Gnb2,Mapk14
Gnb2,Mapk12
Gnb2,Mapk10
Gnb2,Mapk8
Gnb2,Mapk9
Gnb2,Rasgrf1
Gnb2,Rasgrf2
Gnb2,Mras
Gnb2,Rras
Gnb2,Rras2
Gnb2,Cacna1a
Gnb2,Cacna1b
Gnb2,Cacna1c
Gnb2,Cacna1d
Gnb2,Cacna1s
Gnb2,Cacna1f
Gnb2,Rac3
Gnb2,Rac1
Gnb2,Rac2
Gnb2,Rhoa
Gnb2,4930544G11Rik
Gnb2,Camk4
Gnb2,Pik3r6
Gnb2,Pik3r5
Gnb2,Prkce
Gnb2,Prex1
Gnb2,Prkaa1
Gnb2,Prkaa2
Gnb2,Prkab2
Gnb2,Prkag2
Gnb2,Prkab1
Gnb2,Prkag1
Gnb2,Prkag3
Gnb2,Kcnj3
Gnb2,Kcnj5
Gnb2,Kcnj6
Gnb2,Kcnj9
Gnb2,Scn1a
Gnb3,Pde1a
Gnb3,Pde1b
Gnb3,Pde1c
Gnb3,Adcy4
Gnb3,Adcy3
Gnb3,Adcy6
Gnb3,Adcy7
Gnb3,Adcy8
Gnb3,Adcy9
Gnb3,Adcy2
Gnb3,Adcy5
Gnb3,Adcy10
Gnb3,Adcy1
Gnb3,Plcb1
Gnb3,Plcb2
Gnb3,Plcb3
Gnb3,Plcb4
Gnb3,Plcg1
Gnb3,Plcg2
Gnb3,Pik3ca
Gnb3,Pik3cd
Gnb3,Pik3cg
Gnb3,Pik3cb
Gnb3,Mapk1
Gnb3,Mapk3
Gnb3,Hras
Gnb3,Kras
Gnb3,Nras
Gnb3,Pik3r1
Gnb3,Pik3r2
Gnb3,Pik3r3
Gnb3,Mapk11
Gnb3,Mapk13
Gnb3,Mapk14
Gnb3,Mapk12
Gnb3,Mapk10
Gnb3,Mapk8
Gnb3,Mapk9
Gnb3,Rasgrf1
Gnb3,Rasgrf2
Gnb3,Mras
Gnb3,Rras
Gnb3,Rras2
Gnb3,Cacna1a
Gnb3,Cacna1b
Gnb3,Cacna1c
Gnb3,Cacna1d
Gnb3,Cacna1s
Gnb3,Cacna1f
Gnb3,Rac3
Gnb3,Rac1
Gnb3,Rac2
Gnb3,Rhoa
Gnb3,4930544G11Rik
Gnb3,Camk4
Gnb3,Pik3r6
Gnb3,Pik3r5
Gnb3,Prkce
Gnb3,Prex1
Gnb3,Prkaa1
Gnb3,Prkaa2
Gnb3,Prkab2
Gnb3,Prkag2
Gnb3,Prkab1
Gnb3,Prkag1
Gnb3,Prkag3
Gnb3,Kcnj3
Gnb3,Kcnj5
Gnb3,Kcnj6
Gnb3,Kcnj9
Gnb3,Scn1a
Gnb4,Adcy4
Gnb4,Adcy3
Gnb4,Adcy6
Gnb4,Adcy7
Gnb4,Adcy8
Gnb4,Adcy9
Gnb4,Adcy2
Gnb4,Adcy5
Gnb4,Adcy10
Gnb4,Adcy1
Gnb4,Plcb1
Gnb4,Plcb2
Gnb4,Plcb3
Gnb4,Plcb4
Gnb4,Plcg1
Gnb4,Plcg2
Gnb4,Pik3ca
Gnb4,Pik3cd
Gnb4,Pik3cg
Gnb4,Pik3cb
Gnb4,Mapk1
Gnb4,Mapk3
Gnb4,Hras
Gnb4,Kras
Gnb4,Nras
Gnb4,Pik3r1
Gnb4,Pik3r2
Gnb4,Pik3r3
Gnb4,Mapk11
Gnb4,Mapk13
Gnb4,Mapk14
Gnb4,Mapk12
Gnb4,Mapk10
Gnb4,Mapk8
Gnb4,Mapk9
Gnb4,Rasgrf1
Gnb4,Rasgrf2
Gnb4,Mras
Gnb4,Rras
Gnb4,Rras2
Gnb4,Cacna1a
Gnb4,Cacna1b
Gnb4,Cacna1c
Gnb4,Cacna1d
Gnb4,Cacna1s
Gnb4,Cacna1f
Gnb4,Rac3
Gnb4,Rac1
Gnb4,Rac2
Gnb4,Rhoa
Gnb4,4930544G11Rik
Gnb4,Camk4
Gnb4,Pik3r6
Gnb4,Pik3r5
Gnb4,Prkce
Gnb4,Prex1
Gnb4,Prkaa1
Gnb4,Prkaa2
Gnb4,Prkab2
Gnb4,Prkag2
Gnb4,Prkab1
Gnb4,Prkag1
Gnb4,Prkag3
Gnb4,Kcnj3
Gnb4,Kcnj5
Gnb4,Kcnj6
Gnb4,Kcnj9
Gnb4,Scn1a
Gnb5,Adcy4
Gnb5,Adcy3
Gnb5,Adcy6
Gnb5,Adcy7
Gnb5,Adcy8
Gnb5,Adcy9
Gnb5,Adcy2
Gnb5,Adcy5
Gnb5,Adcy10
Gnb5,Adcy1
Gnb5,Plcb1
Gnb5,Plcb2
Gnb5,Plcb3
Gnb5,Plcb4
Gnb5,Plcg1
Gnb5,Plcg2
Gnb5,Pik3ca
Gnb5,Pik3cd
Gnb5,Pik3cg
Gnb5,Pik3cb
Gnb5,Mapk1
Gnb5,Mapk3
Gnb5,Hras
Gnb5,Kras
Gnb5,Nras
Gnb5,Pik3r1
Gnb5,Pik3r2
Gnb5,Pik3r3
Gnb5,Mapk11
Gnb5,Mapk13
Gnb5,Mapk14
Gnb5,Mapk12
Gnb5,Mapk10
Gnb5,Mapk8
Gnb5,Mapk9
Gnb5,Rasgrf1
Gnb5,Rasgrf2
Gnb5,Mras
Gnb5,Rras
Gnb5,Rras2
Gnb5,Cacna1a
Gnb5,Cacna1b
Gnb5,Cacna1c
Gnb5,Cacna1d
Gnb5,Cacna1s
Gnb5,Cacna1f
Gnb5,Rac3
Gnb5,Rac1
Gnb5,Rac2
Gnb5,Rhoa
Gnb5,4930544G11Rik
Gnb5,Camk4
Gnb5,Pik3r6
Gnb5,Pik3r5
Gnb5,Prkce
Gnb5,Prex1
Gnb5,Prkaa1
Gnb5,Prkaa2
Gnb5,Prkab2
Gnb5,Prkag2
Gnb5,Prkab1
Gnb5,Prkag1
Gnb5,Prkag3
Gnb5,Kcnj3
Gnb5,Kcnj5
Gnb5,Kcnj6
Gnb5,Kcnj9
Gnb5,Scn1a
Gngt1,Adcy4
Gngt1,Adcy3
Gngt1,Adcy6
Gngt1,Adcy7
Gngt1,Adcy8
Gngt1,Adcy9
Gngt1,Adcy2
Gngt1,Adcy5
Gngt1,Adcy10
Gngt1,Adcy1
Gngt1,Pde6b
Gngt1,Pde6g
Gngt1,Pde6a
Gngt1,Plcb1
Gngt1,Plcb2
Gngt1,Plcb3
Gngt1,Plcb4
Gngt1,Plcg1
Gngt1,Plcg2
Gngt1,Pik3ca
Gngt1,Pik3cd
Gngt1,Pik3cg
Gngt1,Pik3cb
Gngt1,Mapk1
Gngt1,Mapk3
Gngt1,Hras
Gngt1,Kras
Gngt1,Nras
Gngt1,Pik3r1
Gngt1,Pik3r2
Gngt1,Pik3r3
Gngt1,Mapk11
Gngt1,Mapk13
Gngt1,Mapk14
Gngt1,Mapk12
Gngt1,Mapk10
Gngt1,Mapk8
Gngt1,Mapk9
Gngt1,Rasgrf1
Gngt1,Rasgrf2
Gngt1,Mras
Gngt1,Rras
Gngt1,Rras2
Gngt1,Cacna1a
Gngt1,Cacna1b
Gngt1,Cacna1c
Gngt1,Cacna1d
Gngt1,Cacna1s
Gngt1,Cacna1f
Gngt1,Rac3
Gngt1,Rac1
Gngt1,Rac2
Gngt1,Rhoa
Gngt1,4930544G11Rik
Gngt1,Camk4
Gngt1,Pik3r6
Gngt1,Pik3r5
Gngt1,Prkce
Gngt1,Prex1
Gngt1,Prkaa1
Gngt1,Prkaa2
Gngt1,Prkab2
Gngt1,Prkag2
Gngt1,Prkab1
Gngt1,Prkag1
Gngt1,Prkag3
Gngt1,Kcnj3
Gngt1,Kcnj5
Gngt1,Kcnj6
Gngt1,Kcnj9
Gngt1,Scn1a
Gng10,Adcy4
Gng10,Adcy3
Gng10,Adcy6
Gng10,Adcy7
Gng10,Adcy8
Gng10,Adcy9
Gng10,Adcy2
Gng10,Adcy5
Gng10,Adcy10
Gng10,Adcy1
Gng10,Plcb1
Gng10,Plcb2
Gng10,Plcb3
Gng10,Plcb4
Gng10,Plcg1
Gng10,Plcg2
Gng10,Pik3ca
Gng10,Pik3cd
Gng10,Pik3cg
Gng10,Pik3cb
Gng10,Mapk1
Gng10,Mapk3
Gng10,Hras
Gng10,Kras
Gng10,Nras
Gng10,Pik3r1
Gng10,Pik3r2
Gng10,Pik3r3
Gng10,Mapk11
Gng10,Mapk13
Gng10,Mapk14
Gng10,Mapk12
Gng10,Mapk10
Gng10,Mapk8
Gng10,Mapk9
Gng10,Rasgrf1
Gng10,Rasgrf2
Gng10,Mras
Gng10,Rras
Gng10,Rras2
Gng10,Cacna1a
Gng10,Cacna1b
Gng10,Cacna1c
Gng10,Cacna1d
Gng10,Cacna1s
Gng10,Cacna1f
Gng10,Rac3
Gng10,Rac1
Gng10,Rac2
Gng10,Rhoa
Gng10,4930544G11Rik
Gng10,Camk4
Gng10,Pik3r6
Gng10,Pik3r5
Gng10,Prkce
Gng10,Prex1
Gng10,Prkaa1
Gng10,Prkaa2
Gng10,Prkab2
Gng10,Prkag2
Gng10,Prkab1
Gng10,Prkag1
Gng10,Prkag3
Gng10,Kcnj3
Gng10,Kcnj5
Gng10,Kcnj6
Gng10,Kcnj9
Gng10,Scn1a
Gng2,Adcy4
Gng2,Adcy3
Gng2,Adcy6
Gng2,Adcy7
Gng2,Adcy8
Gng2,Adcy9
Gng2,Adcy2
Gng2,Adcy5
Gng2,Adcy10
Gng2,Adcy1
Gng2,Plcb1
Gng2,Plcb2
Gng2,Plcb3
Gng2,Plcb4
Gng2,Plcg1
Gng2,Plcg2
Gng2,Pik3ca
Gng2,Pik3cd
Gng2,Pik3cg
Gng2,Pik3cb
Gng2,Mapk1
Gng2,Mapk3
Gng2,Hras
Gng2,Kras
Gng2,Nras
Gng2,Pik3r1
Gng2,Pik3r2
Gng2,Pik3r3
Gng2,Mapk11
Gng2,Mapk13
Gng2,Mapk14
Gng2,Mapk12
Gng2,Mapk10
Gng2,Mapk8
Gng2,Mapk9
Gng2,Rasgrf1
Gng2,Rasgrf2
Gng2,Mras
Gng2,Rras
Gng2,Rras2
Gng2,Cacna1a
Gng2,Cacna1b
Gng2,Cacna1c
Gng2,Cacna1d
Gng2,Cacna1s
Gng2,Cacna1f
Gng2,Rac3
Gng2,Rac1
Gng2,Rac2
Gng2,Rhoa
Gng2,4930544G11Rik
Gng2,Camk4
Gng2,Pik3r6
Gng2,Pik3r5
Gng2,Prkce
Gng2,Prex1
Gng2,Prkaa1
Gng2,Prkaa2
Gng2,Prkab2
Gng2,Prkag2
Gng2,Prkab1
Gng2,Prkag1
Gng2,Prkag3
Gng2,Kcnj3
Gng2,Kcnj5
Gng2,Kcnj6
Gng2,Kcnj9
Gng2,Scn1a
Gng3,Adcy4
Gng3,Adcy3
Gng3,Adcy6
Gng3,Adcy7
Gng3,Adcy8
Gng3,Adcy9
Gng3,Adcy2
Gng3,Adcy5
Gng3,Adcy10
Gng3,Adcy1
Gng3,Plcb1
Gng3,Plcb2
Gng3,Plcb3
Gng3,Plcb4
Gng3,Plcg1
Gng3,Plcg2
Gng3,Pik3ca
Gng3,Pik3cd
Gng3,Pik3cg
Gng3,Pik3cb
Gng3,Mapk1
Gng3,Mapk3
Gng3,Hras
Gng3,Kras
Gng3,Nras
Gng3,Pik3r1
Gng3,Pik3r2
Gng3,Pik3r3
Gng3,Mapk11
Gng3,Mapk13
Gng3,Mapk14
Gng3,Mapk12
Gng3,Mapk10
Gng3,Mapk8
Gng3,Mapk9
Gng3,Rasgrf1
Gng3,Rasgrf2
Gng3,Mras
Gng3,Rras
Gng3,Rras2
Gng3,Cacna1a
Gng3,Cacna1b
Gng3,Cacna1c
Gng3,Cacna1d
Gng3,Cacna1s
Gng3,Cacna1f
Gng3,Rac3
Gng3,Rac1
Gng3,Rac2
Gng3,Rhoa
Gng3,4930544G11Rik
Gng3,Camk4
Gng3,Pik3r6
Gng3,Pik3r5
Gng3,Prkce
Gng3,Prex1
Gng3,Prkaa1
Gng3,Prkaa2
Gng3,Prkab2
Gng3,Prkag2
Gng3,Prkab1
Gng3,Prkag1
Gng3,Prkag3
Gng3,Kcnj3
Gng3,Kcnj5
Gng3,Kcnj6
Gng3,Kcnj9
Gng3,Scn1a
Gng4,Adcy4
Gng4,Adcy3
Gng4,Adcy6
Gng4,Adcy7
Gng4,Adcy8
Gng4,Adcy9
Gng4,Adcy2
Gng4,Adcy5
Gng4,Adcy10
Gng4,Adcy1
Gng4,Plcb1
Gng4,Plcb2
Gng4,Plcb3
Gng4,Plcb4
Gng4,Plcg1
Gng4,Plcg2
Gng4,Pik3ca
Gng4,Pik3cd
Gng4,Pik3cg
Gng4,Pik3cb
Gng4,Mapk1
Gng4,Mapk3
Gng4,Hras
Gng4,Kras
Gng4,Nras
Gng4,Pik3r1
Gng4,Pik3r2
Gng4,Pik3r3
Gng4,Mapk11
Gng4,Mapk13
Gng4,Mapk14
Gng4,Mapk12
Gng4,Mapk10
Gng4,Mapk8
Gng4,Mapk9
Gng4,Rasgrf1
Gng4,Rasgrf2
Gng4,Mras
Gng4,Rras
Gng4,Rras2
Gng4,Cacna1a
Gng4,Cacna1b
Gng4,Cacna1c
Gng4,Cacna1d
Gng4,Cacna1s
Gng4,Cacna1f
Gng4,Rac3
Gng4,Rac1
Gng4,Rac2
Gng4,Rhoa
Gng4,4930544G11Rik
Gng4,Camk4
Gng4,Pik3r6
Gng4,Pik3r5
Gng4,Prkce
Gng4,Prex1
Gng4,Prkaa1
Gng4,Prkaa2
Gng4,Prkab2
Gng4,Prkag2
Gng4,Prkab1
Gng4,Prkag1
Gng4,Prkag3
Gng4,Kcnj3
Gng4,Kcnj5
Gng4,Kcnj6
Gng4,Kcnj9
Gng4,Scn1a
Gng5,Adcy4
Gng5,Adcy3
Gng5,Adcy6
Gng5,Adcy7
Gng5,Adcy8
Gng5,Adcy9
Gng5,Adcy2
Gng5,Adcy5
Gng5,Adcy10
Gng5,Adcy1
Gng5,Plcb1
Gng5,Plcb2
Gng5,Plcb3
Gng5,Plcb4
Gng5,Plcg1
Gng5,Plcg2
Gng5,Pik3ca
Gng5,Pik3cd
Gng5,Pik3cg
Gng5,Pik3cb
Gng5,Mapk1
Gng5,Mapk3
Gng5,Hras
Gng5,Kras
Gng5,Nras
Gng5,Pik3r1
Gng5,Pik3r2
Gng5,Pik3r3
Gng5,Mapk11
Gng5,Mapk13
Gng5,Mapk14
Gng5,Mapk12
Gng5,Mapk10
Gng5,Mapk8
Gng5,Mapk9
Gng5,Rasgrf1
Gng5,Rasgrf2
Gng5,Mras
Gng5,Rras
Gng5,Rras2
Gng5,Cacna1a
Gng5,Cacna1b
Gng5,Cacna1c
Gng5,Cacna1d
Gng5,Cacna1s
Gng5,Cacna1f
Gng5,Rac3
Gng5,Rac1
Gng5,Rac2
Gng5,Rhoa
Gng5,4930544G11Rik
Gng5,Camk4
Gng5,Pik3r6
Gng5,Pik3r5
Gng5,Prkce
Gng5,Prex1
Gng5,Prkaa1
Gng5,Prkaa2
Gng5,Prkab2
Gng5,Prkag2
Gng5,Prkab1
Gng5,Prkag1
Gng5,Prkag3
Gng5,Kcnj3
Gng5,Kcnj5
Gng5,Kcnj6
Gng5,Kcnj9
Gng5,Scn1a
Gng7,Adcy4
Gng7,Adcy3
Gng7,Adcy6
Gng7,Adcy7
Gng7,Adcy8
Gng7,Adcy9
Gng7,Adcy2
Gng7,Adcy5
Gng7,Adcy10
Gng7,Adcy1
Gng7,Plcb1
Gng7,Plcb2
Gng7,Plcb3
Gng7,Plcb4
Gng7,Plcg1
Gng7,Plcg2
Gng7,Pik3ca
Gng7,Pik3cd
Gng7,Pik3cg
Gng7,Pik3cb
Gng7,Mapk1
Gng7,Mapk3
Gng7,Hras
Gng7,Kras
Gng7,Nras
Gng7,Pik3r1
Gng7,Pik3r2
Gng7,Pik3r3
Gng7,Mapk11
Gng7,Mapk13
Gng7,Mapk14
Gng7,Mapk12
Gng7,Mapk10
Gng7,Mapk8
Gng7,Mapk9
Gng7,Rasgrf1
Gng7,Rasgrf2
Gng7,Mras
Gng7,Rras
Gng7,Rras2
Gng7,Cacna1a
Gng7,Cacna1b
Gng7,Cacna1c
Gng7,Cacna1d
Gng7,Cacna1s
Gng7,Cacna1f
Gng7,Rac3
Gng7,Rac1
Gng7,Rac2
Gng7,Rhoa
Gng7,4930544G11Rik
Gng7,Camk4
Gng7,Pik3r6
Gng7,Pik3r5
Gng7,Prkce
Gng7,Prex1
Gng7,Prkaa1
Gng7,Prkaa2
Gng7,Prkab2
Gng7,Prkag2
Gng7,Prkab1
Gng7,Prkag1
Gng7,Prkag3
Gng7,Kcnj3
Gng7,Kcnj5
Gng7,Kcnj6
Gng7,Kcnj9
Gng7,Scn1a
Gng8,Adcy4
Gng8,Adcy3
Gng8,Adcy6
Gng8,Adcy7
Gng8,Adcy8
Gng8,Adcy9
Gng8,Adcy2
Gng8,Adcy5
Gng8,Adcy10
Gng8,Adcy1
Gng8,Plcb1
Gng8,Plcb2
Gng8,Plcb3
Gng8,Plcb4
Gng8,Plcg1
Gng8,Plcg2
Gng8,Pik3ca
Gng8,Pik3cd
Gng8,Pik3cg
Gng8,Pik3cb
Gng8,Mapk1
Gng8,Mapk3
Gng8,Hras
Gng8,Kras
Gng8,Nras
Gng8,Pik3r1
Gng8,Pik3r2
Gng8,Pik3r3
Gng8,Mapk11
Gng8,Mapk13
Gng8,Mapk14
Gng8,Mapk12
Gng8,Mapk10
Gng8,Mapk8
Gng8,Mapk9
Gng8,Rasgrf1
Gng8,Rasgrf2
Gng8,Mras
Gng8,Rras
Gng8,Rras2
Gng8,Cacna1a
Gng8,Cacna1b
Gng8,Cacna1c
Gng8,Cacna1d
Gng8,Cacna1s
Gng8,Cacna1f
Gng8,Rac3
Gng8,Rac1
Gng8,Rac2
Gng8,Rhoa
Gng8,4930544G11Rik
Gng8,Camk4
Gng8,Pik3r6
Gng8,Pik3r5
Gng8,Prkce
Gng8,Prex1
Gng8,Prkaa1
Gng8,Prkaa2
Gng8,Prkab2
Gng8,Prkag2
Gng8,Prkab1
Gng8,Prkag1
Gng8,Prkag3
Gng8,Kcnj3
Gng8,Kcnj5
Gng8,Kcnj6
Gng8,Kcnj9
Gng8,Scn1a
Gngt2,Adcy4
Gngt2,Adcy3
Gngt2,Adcy6
Gngt2,Adcy7
Gngt2,Adcy8
Gngt2,Adcy9
Gngt2,Adcy2
Gngt2,Adcy5
Gngt2,Adcy10
Gngt2,Adcy1
Gngt2,Plcb1
Gngt2,Plcb2
Gngt2,Plcb3
Gngt2,Plcb4
Gngt2,Plcg1
Gngt2,Plcg2
Gngt2,Pik3ca
Gngt2,Pik3cd
Gngt2,Pik3cg
Gngt2,Pik3cb
Gngt2,Mapk1
Gngt2,Mapk3
Gngt2,Hras
Gngt2,Kras
Gngt2,Nras
Gngt2,Pik3r1
Gngt2,Pik3r2
Gngt2,Pik3r3
Gngt2,Mapk11
Gngt2,Mapk13
Gngt2,Mapk14
Gngt2,Mapk12
Gngt2,Mapk10
Gngt2,Mapk8
Gngt2,Mapk9
Gngt2,Rasgrf1
Gngt2,Rasgrf2
Gngt2,Mras
Gngt2,Rras
Gngt2,Rras2
Gngt2,Cacna1a
Gngt2,Cacna1b
Gngt2,Cacna1c
Gngt2,Cacna1d
Gngt2,Cacna1s
Gngt2,Cacna1f
Gngt2,Rac3
Gngt2,Rac1
Gngt2,Rac2
Gngt2,Rhoa
Gngt2,4930544G11Rik
Gngt2,Camk4
Gngt2,Pik3r6
Gngt2,Pik3r5
Gngt2,Prkce
Gngt2,Prex1
Gngt2,Prkaa1
Gngt2,Prkaa2
Gngt2,Prkab2
Gngt2,Prkag2
Gngt2,Prkab1
Gngt2,Prkag1
Gngt2,Prkag3
Gngt2,Kcnj3
Gngt2,Kcnj5
Gngt2,Kcnj6
Gngt2,Kcnj9
Gngt2,Scn1a
Gng13,Pde1a
Gng13,Pde1b
Gng13,Pde1c
Gng13,Adcy4
Gng13,Adcy3
Gng13,Adcy6
Gng13,Adcy7
Gng13,Adcy8
Gng13,Adcy9
Gng13,Adcy2
Gng13,Adcy5
Gng13,Adcy10
Gng13,Adcy1
Gng13,Plcb1
Gng13,Plcb2
Gng13,Plcb3
Gng13,Plcb4
Gng13,Plcg1
Gng13,Plcg2
Gng13,Pik3ca
Gng13,Pik3cd
Gng13,Pik3cg
Gng13,Pik3cb
Gng13,Mapk1
Gng13,Mapk3
Gng13,Hras
Gng13,Kras
Gng13,Nras
Gng13,Pik3r1
Gng13,Pik3r2
Gng13,Pik3r3
Gng13,Mapk11
Gng13,Mapk13
Gng13,Mapk14
Gng13,Mapk12
Gng13,Mapk10
Gng13,Mapk8
Gng13,Mapk9
Gng13,Rasgrf1
Gng13,Rasgrf2
Gng13,Mras
Gng13,Rras
Gng13,Rras2
Gng13,Cacna1a
Gng13,Cacna1b
Gng13,Cacna1c
Gng13,Cacna1d
Gng13,Cacna1s
Gng13,Cacna1f
Gng13,Rac3
Gng13,Rac1
Gng13,Rac2
Gng13,Rhoa
Gng13,4930544G11Rik
Gng13,Camk4
Gng13,Pik3r6
Gng13,Pik3r5
Gng13,Prkce
Gng13,Prex1
Gng13,Prkaa1
Gng13,Prkaa2
Gng13,Prkab2
Gng13,Prkag2
Gng13,Prkab1
Gng13,Prkag1
Gng13,Prkag3
Gng13,Kcnj3
Gng13,Kcnj5
Gng13,Kcnj6
Gng13,Kcnj9
Gng13,Scn1a
Gng11,Adcy4
Gng11,Adcy3
Gng11,Adcy6
Gng11,Adcy7
Gng11,Adcy8
Gng11,Adcy9
Gng11,Adcy2
Gng11,Adcy5
Gng11,Adcy10
Gng11,Adcy1
Gng11,Plcb1
Gng11,Plcb2
Gng11,Plcb3
Gng11,Plcb4
Gng11,Plcg1
Gng11,Plcg2
Gng11,Pik3ca
Gng11,Pik3cd
Gng11,Pik3cg
Gng11,Pik3cb
Gng11,Mapk1
Gng11,Mapk3
Gng11,Hras
Gng11,Kras
Gng11,Nras
Gng11,Pik3r1
Gng11,Pik3r2
Gng11,Pik3r3
Gng11,Mapk11
Gng11,Mapk13
Gng11,Mapk14
Gng11,Mapk12
Gng11,Mapk10
Gng11,Mapk8
Gng11,Mapk9
Gng11,Rasgrf1
Gng11,Rasgrf2
Gng11,Mras
Gng11,Rras
Gng11,Rras2
Gng11,Cacna1a
Gng11,Cacna1b
Gng11,Cacna1c
Gng11,Cacna1d
Gng11,Cacna1s
Gng11,Cacna1f
Gng11,Rac3
Gng11,Rac1
Gng11,Rac2
Gng11,Rhoa
Gng11,4930544G11Rik
Gng11,Camk4
Gng11,Pik3r6
Gng11,Pik3r5
Gng11,Prkce
Gng11,Prex1
Gng11,Prkaa1
Gng11,Prkaa2
Gng11,Prkab2
Gng11,Prkag2
Gng11,Prkab1
Gng11,Prkag1
Gng11,Prkag3
Gng11,Kcnj3
Gng11,Kcnj5
Gng11,Kcnj6
Gng11,Kcnj9
Gng11,Scn1a
Rapgef3,Mapk11
Rapgef3,Mapk13
Rapgef3,Mapk14
Rapgef3,Mapk12
Rapgef3,Mapk10
Rapgef3,Mapk8
Rapgef3,Mapk9
Rapgef3,Rap1a
Rapgef3,Rap1b
Rapgef3,Rras
Rapgef3,Rras2
Rapgef3,Rassf5
Rapgef4,Mapk11
Rapgef4,Mapk13
Rapgef4,Mapk14
Rapgef4,Mapk12
Rapgef4,Mapk10
Rapgef4,Mapk8
Rapgef4,Mapk9
Rapgef4,Rap1a
Rapgef4,Rap1b
Rapgef4,Rras
Rapgef4,Rras2
Rapgef4,Rassf5
Rapgef4,Ryr2
Rapgef4,Rims2
Rapgef4,Pclo
Rapgef4,Abcc8
Pik3r6,Egfr
Pik3r6,Akt1
Pik3r6,Akt2
Pik3r6,Akt3
Pik3r6,Hras
Pik3r6,Kras
Pik3r6,Nras
Pik3r6,Ptk2
Pik3r6,Pdpk1
Pik3r6,Itk
Pik3r6,Prkcz
Pik3r6,Prex1
Pik3r5,Egfr
Pik3r5,Akt1
Pik3r5,Akt2
Pik3r5,Akt3
Pik3r5,Hras
Pik3r5,Kras
Pik3r5,Nras
Pik3r5,Ptk2
Pik3r5,Pdpk1
Pik3r5,Itk
Pik3r5,Prkcz
Pik3r5,Prex1
Prkce,Pla2g6
Prkce,Sphk1
Prkce,Sphk2
Prkce,Mapk1
Prkce,Mapk3
Prkce,Braf
Prkce,Raf1
Prkce,Araf
Prkce,Hras
Prkce,Kras
Prkce,Nras
Prkce,Mapk11
Prkce,Mapk13
Prkce,Mapk14
Prkce,Mapk12
Prkce,Mapk10
Prkce,Mapk8
Prkce,Mapk9
Prkce,Mras
Prkce,Rras
Prkce,Rras2
Prkce,Insr
Prkce,Prkd2
Prkce,Prkd1
Prkce,Prkd3
Prkce,Ppp1ca
Prkce,Ppp1cb
Prkce,Ppp1cc
Prkce,Mylk
Prkce,Mylk3
Prkce,Mylk2
Prkce,Mylk4
Prkce,Irs1
Prkce,Irs3
Prkce,Irs4
Prkce,Irs2
Prkce,Cybb
Prkce,Vdac1
Prkce,Vdac2
Prkce,Vdac3
Prkce,Slc25a4
Prkce,Slc25a5
Prkce,Slc25a31
Prkce,Msn
Prkce,Rdx
Prkce,Ezr
Prkce,Trpv1
Prkce,Slc9a1
Prkce,Ppif
Prkce,Kcnj8
Prkce,Nox1
Prkce,Marcks
Prkce,Marcksl1
Prkce,Trpa1
Prkce,Trpv4
Prkce,Nox4
Il12a,Egfr
Il12a,Pdgfra
Il12a,Pdgfrb
Il12a,Il6ra
Il12a,Ifngr1
Il12a,Ifngr2
Il12a,Csf2rb
Il12a,Csf2rb2
Il12a,Il3ra
Il12a,Ifnar1
Il12a,Ifnar2
Il12a,Il6st
Il12a,Lifr
Il12a,Il11ra2
Il12a,Gm13305
Il12a,Cntfr
Il12a,Csf2ra
Il12a,Csf3r
Il12a,Epor
Il12a,Ghr
Il12a,Il10ra
Il12a,Il10rb
Il12a,Il11ra1
Il12a,Il12rb1
Il12a,Il12rb2
Il12a,Il13ra1
Il12a,Il13ra2
Il12a,Il15ra
Il12a,Il2ra
Il12a,Il2rb
Il12a,Il2rg
Il12a,Il4ra
Il12a,Il5ra
Il12a,Il7r
Il12a,Il9r
Il12a,Lepr
Il12a,Mpl
Il12a,Osmr
Il12a,Prlr
Il12a,Il23r
Il12a,Il20rb
Il12a,Il22ra1
Il12a,Il22ra2
Il12a,Il20ra
Il12a,Ifnlr1
Il12a,Il27ra
Il12a,Crlf2
Il12a,Il21r
Il12b,Egfr
Il12b,Pdgfra
Il12b,Pdgfrb
Il12b,Il6ra
Il12b,Ifngr1
Il12b,Ifngr2
Il12b,Csf2rb
Il12b,Csf2rb2
Il12b,Il3ra
Il12b,Ifnar1
Il12b,Ifnar2
Il12b,Il6st
Il12b,Lifr
Il12b,Il11ra2
Il12b,Gm13305
Il12b,Cntfr
Il12b,Csf2ra
Il12b,Csf3r
Il12b,Epor
Il12b,Ghr
Il12b,Il10ra
Il12b,Il10rb
Il12b,Il11ra1
Il12b,Il12rb1
Il12b,Il12rb2
Il12b,Il13ra1
Il12b,Il13ra2
Il12b,Il15ra
Il12b,Il2ra
Il12b,Il2rb
Il12b,Il2rg
Il12b,Il4ra
Il12b,Il5ra
Il12b,Il7r
Il12b,Il9r
Il12b,Lepr
Il12b,Mpl
Il12b,Osmr
Il12b,Prlr
Il12b,Il23r
Il12b,Il20rb
Il12b,Il22ra1
Il12b,Il22ra2
Il12b,Il20ra
Il12b,Ifnlr1
Il12b,Il27ra
Il12b,Crlf2
Il12b,Il21r
Fgr,Pik3ca
Fgr,Pik3cd
Fgr,Pik3cg
Fgr,Pik3cb
Fgr,Shc1
Fgr,Shc3
Fgr,Shc2
Fgr,Shc4
Fgr,Pik3r1
Fgr,Pik3r2
Fgr,Pik3r3
Fgr,Ptk2
Fgr,Pik3r6
Fgr,Pik3r5
Fgr,Elmo1
Fgr,Itk
Fgr,Ptk2b
Fgr,Dock2
Hck,Pik3ca
Hck,Pik3cd
Hck,Pik3cg
Hck,Pik3cb
Hck,Shc1
Hck,Shc3
Hck,Shc2
Hck,Shc4
Hck,Pik3r1
Hck,Pik3r2
Hck,Pik3r3
Hck,Ptk2
Hck,Pik3r6
Hck,Pik3r5
Hck,Elmo1
Hck,Itk
Hck,Ptk2b
Hck,Dock2
Hck,Gab2
Hck,Fcgr1
Hck,Fcgr4
Lyn,Pik3ca
Lyn,Pik3cd
Lyn,Pik3cg
Lyn,Pik3cb
Lyn,Shc1
Lyn,Shc3
Lyn,Shc2
Lyn,Shc4
Lyn,Prkca
Lyn,Prkcb
Lyn,Prkcg
Lyn,Pik3r1
Lyn,Pik3r2
Lyn,Pik3r3
Lyn,Ptk2
Lyn,Pik3r6
Lyn,Pik3r5
Lyn,Lyn
Lyn,Elmo1
Lyn,Itk
Lyn,Ptk2b
Lyn,Dock2
Lyn,Syk
Lyn,Btk
Lyn,Blnk
Lyn,Ms4a2
Lyn,Fcer1g
Lyn,Fyn
Lyn,Gab2
Lyn,Cd19
Lyn,Fcgr1
Lyn,Fcgr4
Lyn,Dapp1
Lyn,Cd79a
Lyn,Cd79b
Kcnj3,Cacna1a
Mmp14,Mmp2
Mmp14,Hbegf
Mmp15,Hbegf
Mmp16,Hbegf
Mmp24,Hbegf
Mmp17,Hbegf
Mmp25,Hbegf
