"","gene_short_name","status","term","estimate","std_err","test_val","p_value","q_value"
"1","CCND1","OK","groupNormal",-0.9913212,0.1065177,-9.3066,2.85e-19,9.33033e-15
"2","CD59","OK","groupNormal",0.4788079,0.0548951,8.7222,3.02e-17,9.886574e-13
"3","HLA.DRB5","OK","groupNormal",-0.8684082,0.1030068,-8.4306,2.84e-16,9.297024e-12
"4","PLAT","OK","groupNormal",-0.7712958,0.0956823,-8.061,4.49e-15,1.4698015e-10
"5","XIST","OK","groupNormal",-0.8483367,0.1057172,-8.0246,5.87e-15,1.9214858e-10
"6","C11orf96","OK","groupNormal",0.9785545,0.1219733,8.0227,5.95e-15,1.9476135e-10
"7","IFITM2","OK","groupNormal",0.4806449,0.0600284,8.007,6.68e-15,2.1864976e-10
"8","CALCRL","OK","groupNormal",-0.6389856,0.0819164,-7.8005,2.97e-14,9.721107e-10
"9","PMP22","OK","groupNormal",1.217433,0.1565122,7.7785,3.48e-14,1.139004e-09
"10","CYP4B1","OK","groupNormal",1.486115,0.2003346,7.4182,4.35e-13,1.4237115e-08
"11","ACKR3","OK","groupNormal",0.9043319,0.1244851,7.2646,1.24e-12,4.058272e-08
"12","RGCC","OK","groupNormal",-0.3754562,0.0521627,-7.1978,1.95e-12,6.381765e-08
"13","CD34","OK","groupNormal",-0.8039448,0.1140444,-7.0494,5.23e-12,1.7115698e-07
"14","IFITM3","OK","groupNormal",0.3008723,0.042854,7.0209,6.32e-12,2.06822e-07
"15","FAM198B","OK","groupNormal",-0.8737861,0.1245565,-7.0152,6.56e-12,2.1466944e-07
"16","CYP26B1","OK","groupNormal",1.204563,0.1782662,6.7571,3.5e-11,1.145305e-06
"17","NR4A1","OK","groupNormal",-0.645643,0.0999977,-6.4566,2.3e-10,7.52606e-06
"18","CD74","OK","groupNormal",-0.426214,0.0675734,-6.3074,5.71e-10,1.8683691e-05
"19","SPARCL1","OK","groupNormal",0.2491783,0.039628,6.2879,6.42e-10,2.100624e-05
"20","LRG1","OK","groupNormal",1.607434,0.2672466,6.0148,3.23e-09,0.00010568237
"21","IFITM1","OK","groupNormal",0.8634742,0.143959,5.9981,3.56e-09,0.00011647608
"22","INSR","OK","groupNormal",0.6740883,0.1128112,5.9754,4.05e-09,0.00013250385
"23","FTL","OK","groupNormal",0.381088,0.0640599,5.9489,4.72e-09,0.00015441952
"24","ITM2A","OK","groupNormal",-0.3432725,0.0580569,-5.9127,5.81e-09,0.00019007415
"25","NRP1","OK","groupNormal",-0.4973347,0.0844362,-5.8901,6.61e-09,0.00021623954
"26","TMEM173","OK","groupNormal",-1.1065815,0.1912163,-5.7871,1.18e-08,0.0003860134
"27","SEMA6B","OK","groupNormal",0.9794407,0.1695287,5.7774,1.25e-08,0.0004089
"28","TAGLN2","OK","groupNormal",0.4670489,0.0812896,5.7455,1.5e-08,0.000490665
"29","APLNR","OK","groupNormal",-2.202855,0.38728,-5.688,2.06e-08,0.000673826
"30","CXCL1","OK","groupNormal",2.120853,0.3742931,5.6663,2.32e-08,0.0007588488
"31","IL8","OK","groupNormal",1.173075,0.207352,5.6574,2.44e-08,0.0007980752
"32","MT2A","OK","groupNormal",0.52552,0.0938145,5.6017,3.31e-08,0.0010826017
"33","ITIH5","OK","groupNormal",-0.4914538,0.0881067,-5.5779,3.77e-08,0.0012330162
"34","GGT5","OK","groupNormal",0.883515,0.1589356,5.5589,4.18e-08,0.001367069
"35","SPNS2","OK","groupNormal",0.9177292,0.1655883,5.5422,4.58e-08,0.0014978432
"36","PDLIM1","OK","groupNormal",0.4600721,0.0833205,5.5217,5.11e-08,0.0016711233
"37","CTSH","OK","groupNormal",-0.7394063,0.1342374,-5.5082,5.5e-08,0.00179861
"38","FTH1","OK","groupNormal",0.2713142,0.0496228,5.4675,6.84e-08,0.0022367484
"39","TRIM69","OK","groupNormal",-1.215967,0.2224508,-5.4662,6.89e-08,0.00225303
"40","RPS27","OK","groupNormal",0.2465809,0.0458409,5.3791,1.1e-07,0.00359689
"41","CXCL2","OK","groupNormal",0.7405581,0.1376787,5.3789,1.1e-07,0.00359689
"42","ENTPD1","OK","groupNormal",-0.7005013,0.130478,-5.3687,1.16e-07,0.003792852
"43","RASA4","OK","groupNormal",1.284465,0.2393867,5.3657,1.18e-07,0.003858128
"44","HLA.DPA1","OK","groupNormal",-0.4489353,0.0851094,-5.2748,1.89e-07,0.006179355
"45","SDPR","OK","groupNormal",0.3017814,0.0572949,5.2672,1.97e-07,0.006440718
"46","MT1X","OK","groupNormal",0.8190689,0.1556497,5.2623,2.02e-07,0.006603986
"47","GJA1","OK","groupNormal",0.4988668,0.0949963,5.2514,2.14e-07,0.006996088
"48","DRD4","OK","groupNormal",-2.9656502,0.5654195,-5.245,2.21e-07,0.007224711
"49","S1PR3","OK","groupNormal",2.429895,0.4637699,5.2394,2.27e-07,0.00742063
"50","AC116366.6","OK","groupNormal",-1.300806,0.2485036,-5.2346,2.33e-07,0.007616537
"51","TGM2","OK","groupNormal",0.2338279,0.0450298,5.1927,2.89e-07,0.009446832
"52","RPS29","OK","groupNormal",0.2998725,0.0580243,5.1681,3.28e-07,0.010721336
"53","RPL37A","OK","groupNormal",0.2558259,0.0495279,5.1653,3.33e-07,0.010884438
"54","CEBPB","OK","groupNormal",0.7045857,0.1370028,5.1429,3.73e-07,0.012191505
"55","F8","OK","groupNormal",0.6193634,0.122571,5.0531,5.87e-07,0.019185508
"56","FOXF2","OK","groupNormal",-0.9095931,0.1809274,-5.0274,6.67e-07,0.021799561
"57","RBM3","OK","groupNormal",0.7158809,0.1424537,5.0254,6.74e-07,0.022027668
"58","PDGFB","OK","groupNormal",-1.0288725,0.2061788,-4.9902,8.03e-07,0.026242843
"59","RPS11","OK","groupNormal",0.3228741,0.0648001,4.9826,8.34e-07,0.02725512
"60","MT.CO3","OK","groupNormal",0.232869,0.0470153,4.9531,9.65e-07,0.031535235
"61","PHC2","OK","groupNormal",0.6819362,0.1381846,4.935,1.05e-06,0.0343119
"62","IRF2BP2","OK","groupNormal",-0.4895137,0.1001755,-4.8866,1.34e-06,0.04378718
"63","RPS6KA2","OK","groupNormal",1.297564,0.2660554,4.877,1.4e-06,0.0457464
"64","TFPI","OK","groupNormal",0.6092278,0.1261084,4.831,1.75e-06,0.05718125
"65","HLA.DPB1","OK","groupNormal",-0.5470344,0.1132358,-4.8309,1.75e-06,0.05718125
"66","XBP1","OK","groupNormal",0.8170699,0.1707062,4.7864,2.17e-06,0.07090041
"67","TM4SF18","OK","groupNormal",-0.43653,0.0912272,-4.7851,2.18e-06,0.07122496
"68","TPT1","OK","groupNormal",0.2020158,0.0422454,4.782,2.21e-06,0.07220291
"69","PTPRG","OK","groupNormal",-0.4568934,0.0959176,-4.7634,2.42e-06,0.0790614
"70","RPS23","OK","groupNormal",0.2236718,0.0472855,4.7302,2.83e-06,0.09245327
"71","PLSCR1","OK","groupNormal",0.6740656,0.1426342,4.7258,2.89e-06,0.09441052
"72","CD200","OK","groupNormal",-0.7243401,0.1547797,-4.6798,3.59e-06,0.11727453
"73","EEF1A1","OK","groupNormal",0.1742071,0.0372644,4.6749,3.68e-06,0.12021088
"74","RPL37","OK","groupNormal",0.2519342,0.053958,4.6691,3.78e-06,0.1234737
"75","EMCN","OK","groupNormal",-0.2782523,0.0599031,-4.645,4.23e-06,0.13816872
"76","PPAP2A","OK","groupNormal",-0.3594096,0.0780899,-4.6025,5.15e-06,0.16821445
"77","NDUFA8","OK","groupNormal",-0.728287,0.159437,-4.5679,6.05e-06,0.1976051
"78","CP","OK","groupNormal",0.4876307,0.1074998,4.5361,6.99e-06,0.22830039
"79","EFNA1","OK","groupNormal",0.5777042,0.1276129,4.527,7.29e-06,0.2380914
"80","METRNL","OK","groupNormal",0.6117511,0.1359624,4.4994,8.27e-06,0.27008993
"81","RPL13","OK","groupNormal",0.1980296,0.0441673,4.4836,8.88e-06,0.29000304
"82","FCN3","OK","groupNormal",1.292834,0.2884989,4.4812,8.98e-06,0.29325986
"83","IGFBP2","OK","groupNormal",-1.87617,0.4199943,-4.4671,9.57e-06,0.31251792
"84","TMEM150C","OK","groupNormal",-0.6433325,0.1441345,-4.4634,9.73e-06,0.31773315
"85","TGFB1","OK","groupNormal",-0.5907765,0.1325822,-4.4559,1.01e-05,0.3298054
"86","RPL28","OK","groupNormal",0.2183792,0.0492107,4.4376,1.09e-05,0.3559177
"87","PPAP2B","OK","groupNormal",-0.381425,0.0861599,-4.4269,1.15e-05,0.375498
"88","DDIT4","OK","groupNormal",-0.4905916,0.1112425,-4.4101,1.24e-05,0.4048724
"89","IGFBP5","OK","groupNormal",1.510336,0.3438892,4.3919,1.34e-05,0.43751
"90","SLC14A1","OK","groupNormal",-0.5988663,0.1368003,-4.3777,1.43e-05,0.4668807
"91","GPIHBP1","OK","groupNormal",1.177132,0.2711591,4.3411,1.68e-05,0.5484864
"92","SMAD7","OK","groupNormal",-0.3680391,0.0848587,-4.3371,1.71e-05,0.5582637
"93","NCOA3","OK","groupNormal",-0.5275623,0.121648,-4.3368,1.71e-05,0.5582637
"94","MTRNR2L2","OK","groupNormal",-0.3929047,0.090992,-4.318,1.86e-05,0.607197
"95","C8orf4","OK","groupNormal",-0.3584058,0.0832454,-4.3054,1.96e-05,0.6398224
"96","TMSB10","OK","groupNormal",0.1765321,0.0410922,4.296,2.05e-05,0.6691815
"97","TBC1D1","OK","groupNormal",-0.8560588,0.2008238,-4.2627,2.36e-05,0.7703512
"98","IGFBP3","OK","groupNormal",1.176032,0.2760207,4.2607,2.39e-05,0.7801199
"99","ICAM1","OK","groupNormal",0.3944947,0.0928065,4.2507,2.49e-05,0.812736
"100","CEBPD","OK","groupNormal",0.2926482,0.068899,4.2475,2.53e-05,0.8257667
"101","ANXA2","OK","groupNormal",0.3569477,0.0841943,4.2396,2.61e-05,0.8518518
"102","BHLHE40","OK","groupNormal",-0.3072238,0.0724993,-4.2376,2.64e-05,0.8616168
"103","PLS3","OK","groupNormal",-0.6977238,0.1652617,-4.2219,2.82e-05,0.9203352
"104","EMP3","OK","groupNormal",-0.6174335,0.146279,-4.2209,2.83e-05,0.9235705
"105","NES","OK","groupNormal",-0.4828584,0.1144983,-4.2172,2.88e-05,0.9398592
"106","HES4","OK","groupNormal",0.6032748,0.2076688,2.905,0.00382,1
"107","ISG15","OK","groupNormal",-0.4715269,0.2165925,-2.177,0.0299,1
"108","ANKRD65","OK","groupNormal",-0.8000309,0.3834816,-2.0862,0.0374,1
"109","VWA1","OK","groupNormal",-0.2928885,0.0711482,-4.1166,4.42e-05,1
"110","ATAD3C","OK","groupNormal",1.879848,0.5875912,3.1992,0.00145,1
"111","GABRD","OK","groupNormal",-1.963182,0.8862123,-2.2152,0.0271,1
"112","TNFRSF14","OK","groupNormal",-0.5233987,0.190991,-2.7404,0.00633,1
"113","FAM213B","OK","groupNormal",-1.00767,0.4154237,-2.4256,0.0156,1
"114","RPL22","OK","groupNormal",0.1603551,0.0622149,2.5774,0.0102,1
"115","TNFRSF25","OK","groupNormal",-1.800663,0.6001592,-3.0003,0.00282,1
"116","ERRFI1","OK","groupNormal",0.5509241,0.2109322,2.6119,0.00924,1
"117","H6PD","OK","groupNormal",1.268939,0.4567299,2.7783,0.00564,1
"118","NMNAT1","OK","groupNormal",1.247662,0.6258415,1.9936,0.0467,1
"119","RBP7","OK","groupNormal",-0.5477308,0.1309725,-4.182,3.35e-05,1
"120","MTOR","OK","groupNormal",-0.9823525,0.3049679,-3.2212,0.00135,1
"121","MTHFR","OK","groupNormal",0.9870882,0.43682,2.2597,0.0242,1
"122","MFN2","OK","groupNormal",1.012348,0.4868552,2.0794,0.038,1
"123","TNFRSF1B","OK","groupNormal",0.8471473,0.2279548,3.7163,0.000222,1
"124","DHRS3","OK","groupNormal",-0.6050583,0.2935825,-2.0609,0.0398,1
"125","KAZN","OK","groupNormal",-3.061794,1.1502235,-2.6619,0.00799,1
"126","DNAJC16","OK","groupNormal",-0.73723,0.3335782,-2.2101,0.0275,1
"127","PLEKHM2","OK","groupNormal",0.809407,0.339459,2.3844,0.0174,1
"128","SZRD1","OK","groupNormal",0.6309242,0.2983528,2.1147,0.0349,1
"129","KIF17","OK","groupNormal",-1.318825,0.4174645,-3.1591,0.00167,1
"130","EIF4G3","OK","groupNormal",-0.5167189,0.1507321,-3.4281,0.000652,1
"131","ECE1","OK","groupNormal",0.2623133,0.11865,2.2108,0.0274,1
"132","NBPF3","OK","groupNormal",-1.452356,0.6964287,-2.0854,0.0375,1
"133","USP48","OK","groupNormal",-0.5549085,0.2808971,-1.9755,0.0487,1
"134","LUZP1","OK","groupNormal",-0.2621188,0.1106764,-2.3683,0.0182,1
"135","RPL11","OK","groupNormal",0.1529708,0.0533657,2.8665,0.0043,1
"136","NIPAL3","OK","groupNormal",-0.9937812,0.2991506,-3.322,0.000951,1
"137","CLIC4","OK","groupNormal",-0.2764912,0.0900384,-3.0708,0.0022,1
"138","C1orf63","OK","groupNormal",-0.3885778,0.093878,-4.1392,4.01e-05,1
"139","SH3BGRL3","OK","groupNormal",0.2985814,0.1075808,2.7754,0.0057,1
"140","CD52","OK","groupNormal",0.5304586,0.1891797,2.804,0.00522,1
"141","HMGN2","OK","groupNormal",0.3613823,0.1445183,2.5006,0.0127,1
"142","MAP3K6","OK","groupNormal",1.026078,0.2479946,4.1375,4.04e-05,1
"143","IFI6","OK","groupNormal",-0.2733738,0.1341281,-2.0382,0.042,1
"144","PHACTR4","OK","groupNormal",-0.4306419,0.137649,-3.1286,0.00185,1
"145","TRNAU1AP","OK","groupNormal",-0.7775581,0.3824924,-2.0329,0.0425,1
"146","SDC3","OK","groupNormal",1.430581,0.492534,2.9045,0.00382,1
"147","PUM1","OK","groupNormal",-0.2997651,0.1510577,-1.9844,0.0477,1
"148","FAM167B","OK","groupNormal",-0.4212341,0.1787657,-2.3563,0.0188,1
"149","RNF19B","OK","groupNormal",0.9491689,0.4244721,2.2361,0.0257,1
"150","GJA4","OK","groupNormal",0.7248496,0.2752466,2.6335,0.00868,1
"151","SFPQ","OK","groupNormal",-0.2137953,0.0905749,-2.3604,0.0186,1
"152","EVA1B","OK","groupNormal",-0.4471281,0.1239598,-3.607,3e-04,1
"153","STK40","OK","groupNormal",-1.164674,0.5275492,-2.2077,0.0277,1
"154","SCMH1","OK","groupNormal",2.718949,1.296381,2.0973,0.0364,1
"155","SLC2A1","OK","groupNormal",0.3678953,0.1126116,3.2669,0.0012,1
"156","RPS8","OK","groupNormal",0.1645784,0.0474927,3.4653,0.00057,1
"157","TESK2","OK","groupNormal",-1.195927,0.5151417,-2.3215,0.0206,1
"158","CYP4X1","OK","groupNormal",1.691796,0.8112132,2.0855,0.0375,1
"159","CDKN2C","OK","groupNormal",1.03255,0.5221731,1.9774,0.0485,1
"160","SSBP3","OK","groupNormal",-0.6800716,0.2577212,-2.6388,0.00855,1
"161","TACSTD2","OK","groupNormal",-2.080965,0.8064978,-2.5802,0.0101,1
"162","JUN","OK","groupNormal",0.1089753,0.0494749,2.2026,0.028,1
"163","JAK1","OK","groupNormal",-0.2394438,0.1185274,-2.0202,0.0438,1
"164","LEPR","OK","groupNormal",-0.7013415,0.1798134,-3.9004,0.000108,1
"165","TCTEX1D1","OK","groupNormal",1.235491,0.4738562,2.6073,0.00937,1
"166","MIER1","OK","groupNormal",-0.3771741,0.1683091,-2.241,0.0254,1
"167","GADD45A","OK","groupNormal",0.3311502,0.1681598,1.9693,0.0494,1
"168","RP11.386I14.4","OK","groupNormal",1.486806,0.4796795,3.0996,0.00203,1
"169","LPHN2","OK","groupNormal",-0.3369367,0.1447973,-2.327,0.0203,1
"170","SEP15","OK","groupNormal",-0.2892053,0.1255448,-2.3036,0.0216,1
"171","GTF2B","OK","groupNormal",0.4307531,0.2015732,2.137,0.033,1
"172","GBP1","OK","groupNormal",-0.6769708,0.2226757,-3.0402,0.00247,1
"173","LRRC8C","OK","groupNormal",-0.6496467,0.2720107,-2.3883,0.0173,1
"174","LRRC8D","OK","groupNormal",-1.270034,0.626021,-2.0287,0.043,1
"175","ZNF644","OK","groupNormal",-0.3784364,0.1854684,-2.0404,0.0418,1
"176","RPL5","OK","groupNormal",0.1420123,0.0672898,2.1105,0.0353,1
"177","CNN3","OK","groupNormal",0.1775213,0.0735575,2.4134,0.0161,1
"178","RP11.421L21.3","OK","groupNormal",-1.387817,0.6418908,-2.1621,0.031,1
"179","CAPZA1","OK","groupNormal",-0.3440819,0.1568877,-2.1932,0.0287,1
"180","RHOC","OK","groupNormal",0.2867596,0.0859963,3.3346,9e-04,1
"181","SLC16A1","OK","groupNormal",-0.6970317,0.2549629,-2.7339,0.00645,1
"182","RSBN1","OK","groupNormal",0.4347135,0.2108897,2.0613,0.0397,1
"183","RP11.343N15.5","OK","groupNormal",0.3394034,0.153564,2.2102,0.0275,1
"184","ITGA10","OK","groupNormal",-0.4355738,0.143288,-3.0398,0.00248,1
"185","SELENBP1","OK","groupNormal",-1.028873,0.4544187,-2.2642,0.0239,1
"186","S100A11","OK","groupNormal",0.2119584,0.0921694,2.2997,0.0218,1
"187","ILF2","OK","groupNormal",0.4400469,0.1980022,2.2224,0.0266,1
"188","SLC27A3","OK","groupNormal",-0.9082445,0.3268691,-2.7786,0.00564,1
"189","ADAR","OK","groupNormal",0.3315806,0.1649561,2.0101,0.0449,1
"190","SHC1","OK","groupNormal",0.4232848,0.160349,2.6398,0.00852,1
"191","ADAM15","OK","groupNormal",0.2898064,0.1345013,2.1547,0.0316,1
"192","CLK2","OK","groupNormal",-0.9023098,0.4582348,-1.9691,0.0494,1
"193","FDPS","OK","groupNormal",0.3440437,0.1465935,2.3469,0.0193,1
"194","MEX3A","OK","groupNormal",-1.82965,0.7403941,-2.4712,0.0138,1
"195","LMNA","OK","groupNormal",-0.2501239,0.1052818,-2.3758,0.0178,1
"196","SEMA4A","OK","groupNormal",-1.294727,0.3385228,-3.8246,0.000145,1
"197","CD1D","OK","groupNormal",1.935418,0.558278,3.4668,0.000567,1
"198","DUSP23","OK","groupNormal",0.6960783,0.2596441,2.6809,0.00756,1
"199","NCSTN","OK","groupNormal",0.5907178,0.2748176,2.1495,0.032,1
"200","F11R","OK","groupNormal",0.651778,0.286854,2.2722,0.0234,1
"201","PFDN2","OK","groupNormal",0.3425729,0.1738721,1.9703,0.0493,1
"202","DEDD","OK","groupNormal",1.355951,0.4315127,3.1423,0.00176,1
"203","NDUFS2","OK","groupNormal",0.5379854,0.1686063,3.1908,0.0015,1
"204","UAP1","OK","groupNormal",-0.8230204,0.2220991,-3.7056,0.000231,1
"205","PBX1","OK","groupNormal",-0.2737011,0.1257273,-2.1769,0.0299,1
"206","SELP","OK","groupNormal",-0.3978391,0.110527,-3.5995,3e-04,1
"207","KIFAP3","OK","groupNormal",-0.5919253,0.2214975,-2.6724,0.00775,1
"208","FMO3","OK","groupNormal",1.011273,0.3546513,2.8515,0.00451,1
"209","FMO2","OK","groupNormal",0.3121343,0.1142591,2.7318,0.0065,1
"210","KIAA0040","OK","groupNormal",0.5030328,0.251009,2.004,0.0455,1
"211","TOR1AIP1","OK","groupNormal",0.5355182,0.2150049,2.4907,0.013,1
"212","CEP350","OK","groupNormal",-0.4128193,0.1565418,-2.6371,0.00859,1
"213","FAM129A","OK","groupNormal",-0.4665393,0.2315282,-2.015,0.0444,1
"214","CSRP1","OK","groupNormal",-0.3621121,0.1666696,-2.1726,0.0302,1
"215","NAV1","OK","groupNormal",0.4633142,0.2096075,2.2104,0.0275,1
"216","BTG2","OK","groupNormal",0.4077807,0.1013857,4.0221,6.55e-05,1
"217","MAPKAPK2","OK","groupNormal",0.669645,0.3054004,2.1927,0.0287,1
"218","PLXNA2","OK","groupNormal",-0.4517242,0.1513849,-2.9839,0.00297,1
"219","SERTAD4.AS1","OK","groupNormal",-2.522797,1.1174231,-2.2577,0.0243,1
"220","PPP2R5A","OK","groupNormal",-0.4567431,0.2300325,-1.9856,0.0476,1
"221","PTPN14","OK","groupNormal",-0.5162628,0.2453491,-2.1042,0.0358,1
"222","TGFB2","OK","groupNormal",-0.6523949,0.2208737,-2.9537,0.00327,1
"223","EPRS","OK","groupNormal",-0.503684,0.2013413,-2.5016,0.0126,1
"224","C1orf115","OK","groupNormal",-0.4284674,0.2156708,-1.9867,0.0474,1
"225","MARC1","OK","groupNormal",-2.522797,1.1689672,-2.1581,0.0313,1
"226","HLX","OK","groupNormal",-1.046891,0.3005577,-3.4832,0.000534,1
"227","CAPN2","OK","groupNormal",-0.4139839,0.1401263,-2.9544,0.00326,1
"228","EPHX1","OK","groupNormal",0.3477716,0.1221918,2.8461,0.00459,1
"229","SNAP47","OK","groupNormal",-0.7394063,0.3664458,-2.0178,0.0441,1
"230","ARID4B","OK","groupNormal",-0.2545372,0.1048334,-2.428,0.0155,1
"231","FAM150B","OK","groupNormal",1.70038,0.7721078,2.2023,0.028,1
"232","SNTG2","OK","groupNormal",-1.218741,0.4684024,-2.6019,0.00951,1
"233","RPS7","OK","groupNormal",0.1868774,0.0640941,2.9157,0.00369,1
"234","ASAP2","OK","groupNormal",-0.406542,0.2066585,-1.9672,0.0496,1
"235","IAH1","OK","groupNormal",0.6935752,0.3393521,2.0438,0.0414,1
"236","RP11.254F7.2","OK","groupNormal",-0.8645694,0.387235,-2.2327,0.026,1
"237","HPCAL1","OK","groupNormal",-0.1958408,0.0871526,-2.2471,0.025,1
"238","TRIB2","OK","groupNormal",-0.5355022,0.194663,-2.7509,0.00613,1
"239","FAM49A","OK","groupNormal",1.106658,0.4068477,2.7201,0.00673,1
"240","LAPTM4A","OK","groupNormal",0.1814458,0.090749,1.9994,0.046,1
"241","RHOB","OK","groupNormal",0.2367758,0.0974451,2.4298,0.0154,1
"242","TP53I3","OK","groupNormal",-1.270034,0.5800343,-2.1896,0.029,1
"243","PPP1CB","OK","groupNormal",0.2785738,0.1249749,2.229,0.0262,1
"244","LBH","OK","groupNormal",-0.4080665,0.1841954,-2.2154,0.0271,1
"245","CRIM1","OK","groupNormal",-0.3945658,0.1173105,-3.3634,8e-04,1
"246","FEZ2","OK","groupNormal",-0.2929436,0.1363067,-2.1492,0.032,1
"247","RMDN2","OK","groupNormal",-0.8953411,0.4184832,-2.1395,0.0328,1
"248","CYP1B1","OK","groupNormal",0.533995,0.2567938,2.0795,0.038,1
"249","PRKCE","OK","groupNormal",-0.7134629,0.2877713,-2.4793,0.0135,1
"250","EPAS1","OK","groupNormal",0.1478651,0.0436022,3.3912,0.000744,1
"251","MSH2","OK","groupNormal",-1.174724,0.5116666,-2.2959,0.022,1
"252","RTN4","OK","groupNormal",0.2216203,0.0857233,2.5853,0.01,1
"253","RPS27A","OK","groupNormal",0.2181131,0.0542616,4.0197,6.61e-05,1
"254","USP34","OK","groupNormal",-0.4151321,0.1319948,-3.1451,0.00175,1
"255","XPO1","OK","groupNormal",-0.5417961,0.2286318,-2.3697,0.0181,1
"256","COMMD1","OK","groupNormal",-0.7271696,0.283298,-2.5668,0.0105,1
"257","UGP2","OK","groupNormal",0.3913631,0.1850036,2.1154,0.0348,1
"258","PCBP1","OK","groupNormal",0.2821237,0.1395231,2.0221,0.0436,1
"259","TIA1","OK","groupNormal",-0.4701194,0.2131721,-2.2054,0.0278,1
"260","ZNF638","OK","groupNormal",-0.3293854,0.136238,-2.4177,0.0159,1
"261","DUSP11","OK","groupNormal",0.998649,0.4446812,2.2458,0.0251,1
"262","POLE4","OK","groupNormal",-0.4696418,0.2324773,-2.0202,0.0438,1
"263","KCMF1","OK","groupNormal",0.5772948,0.2506434,2.3033,0.0216,1
"264","TGOLN2","OK","groupNormal",-0.2303225,0.113304,-2.0328,0.0425,1
"265","VAMP5","OK","groupNormal",0.1812923,0.0845803,2.1434,0.0325,1
"266","RNF181","OK","groupNormal",0.5717353,0.2344514,2.4386,0.015,1
"267","ST3GAL5","OK","groupNormal",1.431937,0.403907,3.5452,0.000425,1
"268","LINC00152","OK","groupNormal",0.7668474,0.3498471,2.192,0.0288,1
"269","KRCC1","OK","groupNormal",-0.7592089,0.2965514,-2.5601,0.0107,1
"270","ZNF514","OK","groupNormal",-0.9823525,0.4954803,-1.9826,0.0479,1
"271","GPAT2","OK","groupNormal",-2.186325,1.091581,-2.0029,0.0457,1
"272","DUSP2","OK","groupNormal",-1.588488,0.6997533,-2.2701,0.0236,1
"273","STARD7","OK","groupNormal",-0.7271696,0.2545036,-2.8572,0.00443,1
"274","KIAA1211L","OK","groupNormal",0.7374335,0.2304686,3.1997,0.00145,1
"275","CHST10","OK","groupNormal",-1.452356,0.6008815,-2.417,0.016,1
"276","RPL31","OK","groupNormal",0.2790113,0.0884786,3.1534,0.0017,1
"277","IL1RL1","OK","groupNormal",2.743341,0.7861438,3.4896,0.000521,1
"278","IL18R1","OK","groupNormal",1.387891,0.3467415,4.0027,7.09e-05,1
"279","MRPS9","OK","groupNormal",0.809407,0.3979533,2.0339,0.0424,1
"280","UXS1","OK","groupNormal",-0.5533569,0.2653251,-2.0856,0.0375,1
"281","ACTR3","OK","groupNormal",-0.4443982,0.1387825,-3.2021,0.00144,1
"282","INSIG2","OK","groupNormal",-0.8064618,0.3383678,-2.3834,0.0175,1
"283","INHBB","OK","groupNormal",1.725698,0.4639362,3.7197,0.000219,1
"284","GYPC","OK","groupNormal",0.4364273,0.1374976,3.1741,0.00158,1
"285","RP11.286H15.1","OK","groupNormal",0.5040253,0.2454456,2.0535,0.0405,1
"286","SMPD4","OK","groupNormal",0.8964184,0.4038131,2.2199,0.0268,1
"287","FAM168B","OK","groupNormal",1.198065,0.4663612,2.569,0.0105,1
"288","MGAT5","OK","groupNormal",1.03255,0.5167744,1.9981,0.0462,1
"289","SPOPL","OK","groupNormal",-0.688113,0.3284746,-2.0949,0.0366,1
"290","KYNU","OK","groupNormal",-0.7020505,0.354561,-1.9801,0.0482,1
"291","EPC2","OK","groupNormal",-0.7775581,0.28399,-2.738,0.00638,1
"292","FMNL2","OK","groupNormal",-0.4792489,0.1907586,-2.5123,0.0123,1
"293","ACVR1","OK","groupNormal",-1.038233,0.2892494,-3.5894,0.00036,1
"294","DPP4","OK","groupNormal",-1.521349,0.5163235,-2.9465,0.00335,1
"295","IFIH1","OK","groupNormal",-0.6509953,0.2839275,-2.2928,0.0222,1
"296","NOSTRIN","OK","groupNormal",-0.4869391,0.1835794,-2.6525,0.00821,1
"297","PPIG","OK","groupNormal",-0.2451884,0.113984,-2.1511,0.0319,1
"298","RAPGEF4","OK","groupNormal",-0.6836553,0.1961366,-3.4856,0.000529,1
"299","FAM171B","OK","groupNormal",-1.028873,0.3962201,-2.5967,0.00966,1
"300","COL3A1","OK","groupNormal",-1.6755,0.5282397,-3.1719,0.0016,1
"301","MYO1B","OK","groupNormal",-0.6340458,0.301543,-2.1027,0.0359,1
"302","HECW2","OK","groupNormal",-1.437089,0.4118105,-3.4897,0.000521,1
"303","CLK1","OK","groupNormal",-0.3262764,0.1218657,-2.6773,0.0076,1
"304","NDUFB3","OK","groupNormal",-0.5276163,0.1658086,-3.1821,0.00154,1
"305","TRAK2","OK","groupNormal",-0.7894488,0.2676722,-2.9493,0.00332,1
"306","SUMO1","OK","groupNormal",-0.3217815,0.1455533,-2.2107,0.0275,1
"307","BMPR2","OK","groupNormal",-0.2227798,0.0860619,-2.5886,0.00988,1
"308","NRP2","OK","groupNormal",-0.3762167,0.1511516,-2.489,0.0131,1
"309","INO80D","OK","groupNormal",-0.4227367,0.2121903,-1.9923,0.0468,1
"310","EEF1B2","OK","groupNormal",0.2501566,0.1069181,2.3397,0.0196,1
"311","KLF7","OK","groupNormal",-0.5045667,0.1276479,-3.9528,8.7e-05,1
"312","IDH1","OK","groupNormal",-0.8328207,0.3535992,-2.3553,0.0188,1
"313","MAP2","OK","groupNormal",-0.7735977,0.3561186,-2.1723,0.0302,1
"314","TNS1","OK","groupNormal",0.4592046,0.1503474,3.0543,0.00236,1
"315","CTDSP1","OK","groupNormal",-0.3437935,0.1732147,-1.9848,0.0476,1
"316","KCNE4","OK","groupNormal",0.850229,0.3401773,2.4994,0.0127,1
"317","WDFY1","OK","groupNormal",-0.4143684,0.2006773,-2.0648,0.0394,1
"318","CUL3","OK","groupNormal",-0.3436935,0.1725586,-1.9917,0.0469,1
"319","HTR2B","OK","groupNormal",-1.6755,0.8121719,-2.063,0.0396,1
"320","PTMA","OK","groupNormal",0.1385893,0.0396192,3.498,0.000505,1
"321","VHL","OK","groupNormal",1.166082,0.5379514,2.1676,0.0306,1
"322","RPL32","OK","groupNormal",0.1849777,0.0512057,3.6124,0.00033,1
"323","IQSEC1","OK","groupNormal",0.8894497,0.3355669,2.6506,0.00826,1
"324","FBLN2","OK","groupNormal",-0.7439415,0.3460979,-2.1495,0.032,1
"325","SLC6A6","OK","groupNormal",-0.3526271,0.1329424,-2.6525,0.0082,1
"326","ANKRD28","OK","groupNormal",0.5580926,0.2546692,2.1914,0.0288,1
"327","GALNT15","OK","groupNormal",0.581317,0.2510009,2.316,0.0209,1
"328","UBE2E1","OK","groupNormal",0.8401786,0.4055228,2.0718,0.0387,1
"329","RPL15","OK","groupNormal",0.1257386,0.0576906,2.1795,0.0297,1
"330","CMTM6","OK","groupNormal",0.3417535,0.1467764,2.3284,0.0202,1
"331","CSRNP1","OK","groupNormal",0.2717832,0.1348015,2.0162,0.0443,1
"332","RPSA","OK","groupNormal",0.2562259,0.0912416,2.8082,0.0052,1
"333","RPL14","OK","groupNormal",0.1820112,0.0724288,2.513,0.0122,1
"334","NKTR","OK","groupNormal",-0.2102169,0.103754,-2.0261,0.0432,1
"335","ALS2CL","OK","groupNormal",-0.9484509,0.3790923,-2.5019,0.0126,1
"336","NBEAL2","OK","groupNormal",1.137911,0.43875,2.5935,0.00974,1
"337","NDUFAF3","OK","groupNormal",-0.4702776,0.2061686,-2.281,0.0229,1
"338","SEMA3F","OK","groupNormal",0.567662,0.1688438,3.3621,0.000826,1
"339","GNAI2","OK","groupNormal",0.1869753,0.0585302,3.1945,0.00148,1
"340","MANF","OK","groupNormal",0.5287921,0.215562,2.4531,0.0145,1
"341","RPL29","OK","groupNormal",0.1446209,0.0645887,2.2391,0.0255,1
"342","SEMA3G","OK","groupNormal",0.6490643,0.3016631,2.1516,0.0318,1
"343","ARHGEF3","OK","groupNormal",-0.8870423,0.2653473,-3.3429,0.000883,1
"344","DENND6A","OK","groupNormal",0.7993567,0.2902225,2.7543,0.00607,1
"345","KCTD6","OK","groupNormal",-1.365345,0.5673747,-2.4064,0.0164,1
"346","FAM107A","OK","groupNormal",0.715268,0.1890301,3.7839,0.000171,1
"347","ADAMTS9","OK","groupNormal",0.4943259,0.2331722,2.12,0.0344,1
"348","ARL6IP5","OK","groupNormal",-0.3382615,0.1312034,-2.5781,0.0102,1
"349","ROBO1","OK","groupNormal",-1.270035,0.612814,-2.0725,0.0387,1
"350","ST3GAL6","OK","groupNormal",-1.557717,0.6026856,-2.5846,0.01,1
"351","PARP15","OK","groupNormal",-1.6755,0.8356514,-2.005,0.0454,1
"352","SEMA5B","OK","groupNormal",0.8731228,0.3483904,2.5062,0.0125,1
"353","MYLK","OK","groupNormal",-0.4775149,0.213763,-2.2339,0.0259,1
"354","HEG1","OK","groupNormal",-0.2535418,0.0965347,-2.6264,0.0089,1
"355","SLC41A3","OK","groupNormal",-0.8122015,0.2303125,-3.5265,0.000455,1
"356","RUVBL1","OK","groupNormal",-0.9663521,0.3133583,-3.0839,0.00214,1
"357","H1FX","OK","groupNormal",0.2436828,0.0986348,2.4706,0.0138,1
"358","H1FX.AS1","OK","groupNormal",-1.330659,0.5120913,-2.5985,0.00961,1
"359","SLC35G2","OK","groupNormal",-0.5768874,0.2659556,-2.1691,0.0305,1
"360","RBP1","OK","groupNormal",0.4614657,0.2076085,2.2228,0.0266,1
"361","CHST2","OK","groupNormal",1.057243,0.3801057,2.7814,0.00559,1
"362","PLSCR4","OK","groupNormal",0.7776583,0.2315345,3.3587,0.000836,1
"363","HLTF","OK","groupNormal",-0.9071291,0.3181792,-2.851,0.00452,1
"364","TM4SF1","OK","groupNormal",0.2638958,0.0980943,2.6902,0.0074,1
"365","WWTR1","OK","groupNormal",-0.1809139,0.0904444,-2.0003,0.046,1
"366","MBNL1","OK","groupNormal",-0.3042432,0.1003851,-3.0308,0.0026,1
"367","TIPARP","OK","groupNormal",0.5432311,0.2112097,2.572,0.0104,1
"368","LXN","OK","groupNormal",-0.9231636,0.3302761,-2.7951,0.00536,1
"369","SERPINI1","OK","groupNormal",-0.9823525,0.4512234,-2.1771,0.0299,1
"370","GOLIM4","OK","groupNormal",-0.2700242,0.1305741,-2.068,0.0391,1
"371","TNFSF10","OK","groupNormal",-0.3878014,0.105104,-3.6897,2e-04,1
"372","ZMAT3","OK","groupNormal",-0.688113,0.2510748,-2.7407,0.00632,1
"373","PIK3CA","OK","groupNormal",-0.4656617,0.2306169,-2.0192,0.0439,1
"374","MFN1","OK","groupNormal",-0.7661294,0.3449543,-2.221,0.0267,1
"375","RP11.145M9.4","OK","groupNormal",0.8894497,0.4269557,2.0832,0.0377,1
"376","ATP11B","OK","groupNormal",-0.6428453,0.2606606,-2.4662,0.0139,1
"377","B3GNT5","OK","groupNormal",0.9111897,0.3445105,2.6449,0.0084,1
"378","FAM131A","OK","groupNormal",-0.8000309,0.3976853,-2.0117,0.0447,1
"379","TRA2B","OK","groupNormal",-0.1989098,0.0952298,-2.0887,0.0372,1
"380","LPP","OK","groupNormal",-0.2892053,0.1290688,-2.2407,0.0254,1
"381","FGF12","OK","groupNormal",-2.281636,0.8793979,-2.5945,0.00972,1
"382","HES1","OK","groupNormal",0.2242666,0.0689766,3.2513,0.00122,1
"383","AC046143.3","OK","groupNormal",-2.974783,1.102214,-2.6989,0.00716,1
"384","SENP5","OK","groupNormal",0.8421968,0.3852562,2.1861,0.0292,1
"385","FYTTD1","OK","groupNormal",-0.5057915,0.1866622,-2.7097,0.00694,1
"386","RPL35A","OK","groupNormal",0.1382387,0.0632378,2.186,0.0292,1
"387","MXD4","OK","groupNormal",0.3427311,0.127305,2.6922,0.00731,1
"388","SH3BP2","OK","groupNormal",0.8615927,0.3813365,2.2594,0.0242,1
"389","SH3TC1","OK","groupNormal",2.340883,0.9556975,2.4494,0.0146,1
"390","HTRA3","OK","groupNormal",1.199605,0.428356,2.8005,0.00528,1
"391","CD38","OK","groupNormal",0.6355601,0.2272486,2.7968,0.00534,1
"392","LDB2","OK","groupNormal",-0.3246626,0.0910348,-3.5664,4e-04,1
"393","MED28","OK","groupNormal",0.7747214,0.2991253,2.59,0.00985,1
"394","FAM114A1","OK","groupNormal",-0.543551,0.2432319,-2.2347,0.0258,1
"395","RPL9","OK","groupNormal",0.1857322,0.0563929,3.2935,0.00105,1
"396","LIMCH1","OK","groupNormal",-0.3078105,0.0986663,-3.1197,0.0019,1
"397","SLC30A9","OK","groupNormal",0.7448685,0.3556809,2.0942,0.0367,1
"398","FRYL","OK","groupNormal",-0.2910868,0.1352904,-2.1516,0.03185,1
"399","OCIAD1","OK","groupNormal",-0.2262305,0.1109239,-2.0395,0.0419,1
"400","FIP1L1","OK","groupNormal",-0.5768874,0.2382327,-2.4215,0.0158,1
"401","KIT","OK","groupNormal",2.313484,1.083821,2.1346,0.0332,1
"402","SRD5A3","OK","groupNormal",-0.8531408,0.3360311,-2.5389,0.0114,1
"403","SULT1B1","OK","groupNormal",-0.6208505,0.1864049,-3.3307,0.000923,1
"404","SULT1E1","OK","groupNormal",-2.080965,0.8651379,-2.4054,0.0165,1
"405","DCK","OK","groupNormal",-0.6786701,0.3336136,-2.0343,0.0424,1
"406","CXCL3","OK","groupNormal",0.688779,0.2292558,3.0044,0.00278,1
"407","ANXA3","OK","groupNormal",-0.5998769,0.2708848,-2.2145,0.0272,1
"408","MRPS18C","OK","groupNormal",0.9316246,0.316802,2.9407,0.00341,1
"409","ABCG2","OK","groupNormal",0.3519821,0.1707936,2.0609,0.0398,1
"410","PDLIM5","OK","groupNormal",-0.3520062,0.1496188,-2.3527,0.019,1
"411","BDH2","OK","groupNormal",-0.5578392,0.2397214,-2.327,0.0203,1
"412","NPNT","OK","groupNormal",-1.164674,0.4212336,-2.7649,0.00588,1
"413","CYP2U1","OK","groupNormal",-0.6795415,0.2771864,-2.4516,0.0145,1
"414","HADH","OK","groupNormal",-1.270035,0.5881288,-2.1594,0.0312,1
"415","RPL34","OK","groupNormal",0.1837457,0.0526049,3.4929,0.000515,1
"416","TIFA","OK","groupNormal",0.6051065,0.2746672,2.2031,0.028,1
"417","SNHG8","OK","groupNormal",0.3554037,0.1162927,3.0561,0.00235,1
"418","SYNPO2","OK","groupNormal",-1.073324,0.4431266,-2.4222,0.0157,1
"419","USP53","OK","groupNormal",0.3175446,0.1551051,2.0473,0.0411,1
"420","QRFPR","OK","groupNormal",0.6563818,0.2491056,2.635,0.00864,1
"421","ANXA5","OK","groupNormal",0.4243028,0.1032794,4.1083,4.57e-05,1
"422","FGF2","OK","groupNormal",1.057243,0.3385421,3.1229,0.00188,1
"423","FAT4","OK","groupNormal",1.057243,0.4941313,2.1396,0.0328,1
"424","HSPA4L","OK","groupNormal",-0.9446122,0.4676597,-2.0199,0.0439,1
"425","C4orf29","OK","groupNormal",1.543376,0.7004044,2.2036,0.028,1
"426","MMAA","OK","groupNormal",-2.522797,1.1174231,-2.2577,0.0243,1
"427","RPS3A","OK","groupNormal",0.1119401,0.0532939,2.1004,0.0361,1
"428","TRIM2","OK","groupNormal",-0.9368901,0.3223803,-2.9062,0.0038,1
"429","KIAA0922","OK","groupNormal",1.214872,0.5166845,2.3513,0.019,1
"430","CTSO","OK","groupNormal",-0.5634644,0.183673,-3.0678,0.00226,1
"431","RXFP1","OK","groupNormal",-0.6699778,0.2868759,-2.3354,0.0199,1
"432","CPE","OK","groupNormal",-0.81096,0.1953477,-4.1514,3.81e-05,1
"433","CLCN3","OK","groupNormal",-0.5570847,0.2705948,-2.0587,0.04,1
"434","C4orf27","OK","groupNormal",0.8300263,0.4188014,1.9819,0.048,1
"435","HMGB2","OK","groupNormal",0.366928,0.1575205,2.3294,0.0202,1
"436","SLC25A4","OK","groupNormal",-0.5885834,0.2024621,-2.9071,0.00379,1
"437","KIAA1430","OK","groupNormal",-0.4413419,0.2176015,-2.0282,0.043,1
"438","ANKRD37","OK","groupNormal",-0.6026399,0.1776677,-3.3919,0.000742,1
"439","PDLIM3","OK","groupNormal",1.488568,0.4001584,3.7199,0.000219,1
"440","FRG1","OK","groupNormal",0.9697496,0.2926827,3.3133,0.000981,1
"441","SLC12A7","OK","groupNormal",0.883515,0.2910719,3.0354,0.00251,1
"442","CTD.3080P12.3","OK","groupNormal",-3.215945,1.1259995,-2.8561,0.00445,1
"443","PAPD7","OK","groupNormal",-0.5768874,0.2799212,-2.0609,0.0398,1
"444","DAP","OK","groupNormal",-0.6146277,0.2454516,-2.5041,0.0126,1
"445","TRIO","OK","groupNormal",-0.5768874,0.2192782,-2.6308,0.00875,1
"446","ANKH","OK","groupNormal",0.3222356,0.1358914,2.3713,0.0181,1
"447","FBXL7","OK","groupNormal",-1.056461,0.4206279,-2.5116,0.0123,1
"448","FAM134B","OK","groupNormal",-2.974783,1.2252436,-2.4279,0.0155,1
"449","GOLPH3","OK","groupNormal",-0.3945658,0.1625934,-2.4267,0.0155,1
"450","RAI14","OK","groupNormal",0.4620057,0.1800412,2.5661,0.0105,1
"451","IL7R","OK","groupNormal",1.430581,0.5311769,2.6932,0.00729,1
"452","LMBRD2","OK","groupNormal",-0.7264191,0.3685845,-1.9708,0.0492,1
"453","OSMR","OK","groupNormal",0.4021798,0.1595183,2.5212,0.012,1
"454","DAB2","OK","groupNormal",-0.3929645,0.154571,-2.5423,0.0113,1
"455","ITGA1","OK","groupNormal",0.3613823,0.1403167,2.5755,0.0103,1
"456","IL6ST","OK","groupNormal",0.1699025,0.0623051,2.7269,0.00659,1
"457","GPBP1","OK","groupNormal",-0.3200328,0.1255431,-2.5492,0.0111,1
"458","KIF2A","OK","groupNormal",-0.6638988,0.3080246,-2.1553,0.0316,1
"459","RGS7BP","OK","groupNormal",-1.464191,0.5471788,-2.6759,0.00767,1
"460","CDK7","OK","groupNormal",1.620337,0.8073304,2.007,0.0452,1
"461","OCLN","OK","groupNormal",-0.5186185,0.2626945,-1.9742,0.0488,1
"462","BDP1","OK","groupNormal",-0.297939,0.1452119,-2.0518,0.0407,1
"463","MAP1B","OK","groupNormal",-0.5931479,0.2124202,-2.7923,0.00541,1
"464","MRPS27","OK","groupNormal",-0.7919988,0.3532104,-2.2423,0.0253,1
"465","ZNF366","OK","groupNormal",-1.02038,0.251144,-4.0629,5.53e-05,1
"466","BTF3","OK","groupNormal",0.2616944,0.0935812,2.7964,0.0053,1
"467","TBCA","OK","groupNormal",-0.2707205,0.130323,-2.0773,0.0382,1
"468","VCAN","OK","groupNormal",-1.107516,0.5033399,-2.2003,0.0282,1
"469","EDIL3","OK","groupNormal",-0.8843721,0.3749139,-2.3589,0.0187,1
"470","LUCAT1","OK","groupNormal",1.268939,0.6312409,2.0102,0.0449,1
"471","ST8SIA4","OK","groupNormal",-0.6620452,0.2636212,-2.5114,0.0123,1
"472","PPIP5K2","OK","groupNormal",-0.6387628,0.2566817,-2.4885,0.0131,1
"473","NUDT12","OK","groupNormal",-1.212876,0.5564944,-2.1795,0.0297,1
"474","MAN2A1","OK","groupNormal",0.97371,0.4001019,2.4337,0.0153,1
"475","EPB41L4A","OK","groupNormal",-0.5035561,0.1883889,-2.673,0.00773,1
"476","REEP5","OK","groupNormal",-0.3139449,0.1509998,-2.0791,0.0381,1
"477","TMED7","OK","groupNormal",0.7023089,0.2424504,2.8967,0.00392,1
"478","CDO1","OK","groupNormal",-2.368647,1.1987946,-1.9759,0.0487,1
"479","SLC12A2","OK","groupNormal",-0.2975041,0.1422397,-2.0916,0.0369,1
"480","CDC42SE2","OK","groupNormal",0.7150963,0.3116364,2.2946,0.0221,1
"481","P4HA2","OK","groupNormal",0.809407,0.4055856,1.9956,0.0464,1
"482","PDLIM4","OK","groupNormal",-0.9515808,0.4615491,-2.0617,0.0397,1
"483","RAD50","OK","groupNormal",-0.6868883,0.2771367,-2.4785,0.0135,1
"484","SHROOM1","OK","groupNormal",0.6997638,0.1768157,3.9576,8.53e-05,1
"485","KLHL3","OK","groupNormal",-0.8645694,0.3892136,-2.2213,0.0267,1
"486","FAM53C","OK","groupNormal",0.5217249,0.2294301,2.274,0.0233,1
"487","KDM3B","OK","groupNormal",-0.6042863,0.2742003,-2.2038,0.0279,1
"488","ECSCR","OK","groupNormal",-0.3547393,0.1117107,-3.1755,0.0016,1
"489","CXXC5","OK","groupNormal",-1.004331,0.434779,-2.31,0.0212,1
"490","CD14","OK","groupNormal",0.2615928,0.1122983,2.3294,0.0202,1
"491","PCDH1","OK","groupNormal",0.5882456,0.1722755,3.4146,0.000684,1
"492","NR3C1","OK","groupNormal",-0.4804271,0.1919156,-2.5033,0.0126,1
"493","LARS","OK","groupNormal",-0.8120071,0.1962487,-4.1376,4.04e-05,1
"494","ABLIM3","OK","groupNormal",1.081341,0.408903,2.6445,0.00841,1
"495","PCYOX1L","OK","groupNormal",-1.963182,0.7563859,-2.5955,0.00969,1
"496","RPS14","OK","groupNormal",0.1358897,0.0564322,2.408,0.0164,1
"497","SYNPO","OK","groupNormal",0.3930128,0.1701822,2.3094,0.0213,1
"498","CNOT8","OK","groupNormal",0.3826121,0.1582058,2.4184,0.0159,1
"499","GEMIN5","OK","groupNormal",0.809407,0.4117319,1.9659,0.0498,1
"500","MRPL22","OK","groupNormal",0.5895475,0.2516334,2.3429,0.0195,1
"501","EBF1","OK","groupNormal",0.4743227,0.2307985,2.0551,0.0403,1
"502","RNF145","OK","groupNormal",0.3554895,0.169493,2.0974,0.0364,1
"503","SLU7","OK","groupNormal",0.529447,0.2131485,2.4839,0.0133,1
"504","GABRB2","OK","groupNormal",-0.8180494,0.3045976,-2.6857,0.00745,1
"505","LCP2","OK","groupNormal",0.7522486,0.3056025,2.4615,0.0141,1
"506","SFXN1","OK","groupNormal",-1.156706,0.4285961,-2.6988,0.00717,1
"507","FAF2","OK","groupNormal",-0.5045667,0.2493838,-2.0233,0.0435,1
"508","RUFY1","OK","groupNormal",-0.8513242,0.3828932,-2.2234,0.0266,1
"509","HNRNPH1","OK","groupNormal",-0.2152455,0.0835146,-2.5773,0.0102,1
"510","LTC4S","OK","groupNormal",-3.102616,1.0474279,-2.9621,0.00318,1
"511","CTC.241N9.1","OK","groupNormal",-0.8132762,0.4002674,-2.0318,0.0426,1
"512","FLT4","OK","groupNormal",0.7346469,0.1825891,4.0235,6.51e-05,1
"513","BTNL9","OK","groupNormal",0.2431687,0.0759513,3.2016,0.00144,1
"514","SERPINB1","OK","groupNormal",0.2813396,0.1369381,2.0545,0.0404,1
"515","SERPINB9","OK","groupNormal",0.3744947,0.1760683,2.127,0.0339,1
"516","RIPK1","OK","groupNormal",0.6218084,0.2821812,2.2036,0.028,1
"517","DSP","OK","groupNormal",-2.311488,0.8150395,-2.836,0.00473,1
"518","BLOC1S5","OK","groupNormal",-1.136503,0.488818,-2.325,0.0204,1
"519","TMEM14C","OK","groupNormal",-0.4539257,0.1578932,-2.8749,0.00419,1
"520","GFOD1","OK","groupNormal",0.4860068,0.1847015,2.6313,0.00874,1
"521","RNF144B","OK","groupNormal",-0.3923895,0.1317859,-2.9775,0.003,1
"522","BTN3A1","OK","groupNormal",-1.144871,0.2729171,-4.1949,3.17e-05,1
"523","HLA.E","OK","groupNormal",0.1204236,0.033295,3.6169,0.000325,1
"524","C6orf136","OK","groupNormal",-1.152251,0.4719135,-2.4417,0.0149,1
"525","FLOT1","OK","groupNormal",0.3473715,0.1697471,2.0464,0.0412,1
"526","HLA.C","OK","groupNormal",0.1046027,0.0412649,2.5349,0.0115,1
"527","LY6G5C","OK","groupNormal",-1.532399,0.6261953,-2.4472,0.0147,1
"528","DDAH2","OK","groupNormal",-0.5228202,0.194334,-2.6903,0.00735,1
"529","VARS","OK","groupNormal",-1.800663,0.5519519,-3.2624,0.00117,1
"530","HSPA1A","OK","groupNormal",0.290309,0.0928792,3.1257,0.0019,1
"531","HSPA1B","OK","groupNormal",0.3982807,0.117307,3.3952,7e-04,1
"532","ATF6B","OK","groupNormal",0.8378449,0.2867903,2.9215,0.00362,1
"533","HLA.DRA","OK","groupNormal",-0.3523462,0.0971624,-3.6264,0.000313,1
"534","HLA.DRB1","OK","groupNormal",-0.2259105,0.0559336,-4.0389,6.11e-05,1
"535","HLA.DQA1","OK","groupNormal",-0.4930059,0.2181325,-2.2601,0.0242,1
"536","HLA.DQB1","OK","groupNormal",-0.4018785,0.1265719,-3.1751,0.0016,1
"537","PSMB8","OK","groupNormal",-0.497899,0.1286976,-3.8687,1e-04,1
"538","TAPSAR1","OK","groupNormal",-0.8556008,0.2913242,-2.9369,0.00345,1
"539","HLA.DMA","OK","groupNormal",-0.5337152,0.2080564,-2.5652,0.0106,1
"540","HLA.DOA","OK","groupNormal",-1.740038,0.6100258,-2.8524,0.0045,1
"541","RPS18","OK","groupNormal",0.1361751,0.0498209,2.7333,0.00647,1
"542","RGL2","OK","groupNormal",-0.4494424,0.1517763,-2.9612,0.00319,1
"543","HMGA1","OK","groupNormal",0.9966185,0.3440207,2.897,0.00391,1
"544","RPS10","OK","groupNormal",0.3681747,0.1021044,3.6059,3e-04,1
"545","FKBP5","OK","groupNormal",0.2820521,0.1309574,2.1538,0.0317,1
"546","MRPS10","OK","groupNormal",-0.5768874,0.2913423,-1.9801,0.0482,1
"547","TRERF1","OK","groupNormal",-1.156706,0.3567471,-3.2424,0.00125,1
"548","YIPF3","OK","groupNormal",-0.5013798,0.1738049,-2.8847,0.00407,1
"549","XPO5","OK","groupNormal",-1.72202,0.6510592,-2.645,0.0084,1
"550","MRPS18A","OK","groupNormal",-1.397868,0.4547041,-3.0742,0.00221,1
"551","HSP90AB1","OK","groupNormal",0.1453942,0.0603378,2.4097,0.0163,1
"552","CDC5L","OK","groupNormal",-0.4715269,0.1815742,-2.5969,0.00965,1
"553","CLIC5","OK","groupNormal",-0.6769708,0.2638483,-2.5658,0.0106,1
"554","GPR116","OK","groupNormal",0.2593606,0.0748812,3.4636,0.000573,1
"555","PTCHD4","OK","groupNormal",-2.656329,0.880364,-3.0173,0.00266,1
"556","SMAP1","OK","groupNormal",-0.4635587,0.1966675,-2.3571,0.0188,1
"557","OGFRL1","OK","groupNormal",-0.7140885,0.3074053,-2.323,0.0205,1
"558","SLC17A5","OK","groupNormal",1.247662,0.4463956,2.795,0.00537,1
"559","MYO6","OK","groupNormal",-0.3762167,0.1683631,-2.2346,0.0258,1
"560","HMGN3","OK","groupNormal",-0.2349705,0.1195632,-1.9652,0.0499,1
"561","FAM46A","OK","groupNormal",-0.5768874,0.2934016,-1.9662,0.0498,1
"562","DOPEY1","OK","groupNormal",-1.046891,0.402126,-2.6034,0.00947,1
"563","SNX14","OK","groupNormal",-0.4957618,0.2341185,-2.1176,0.0346,1
"564","RP1.3J17.3","OK","groupNormal",-1.375395,0.4724716,-2.9111,0.00374,1
"565","SLC35A1","OK","groupNormal",-1.03642,0.4455741,-2.326,0.0204,1
"566","AKIRIN2","OK","groupNormal",0.5320877,0.2585593,2.0579,0.0401,1
"567","RNGTT","OK","groupNormal",-0.8000309,0.4066426,-1.9674,0.0496,1
"568","PRDM1","OK","groupNormal",-0.5865493,0.1630442,-3.5975,0.000349,1
"569","LAMA4","OK","groupNormal",-0.5901326,0.1956954,-3.0156,0.00268,1
"570","COL10A1","OK","groupNormal",-2.117332,0.8569879,-2.4707,0.0138,1
"571","FAM26F","OK","groupNormal",-2.522797,1.1174231,-2.2577,0.0243,1
"572","GOPC","OK","groupNormal",-0.514367,0.2192522,-2.346,0.0193,1
"573","SMPDL3A","OK","groupNormal",-1.588488,0.6997533,-2.2701,0.0236,1
"574","TPD52L1","OK","groupNormal",0.8218295,0.3494049,2.3521,0.019,1
"575","ARHGAP18","OK","groupNormal",-0.4378463,0.124848,-3.507,5e-04,1
"576","EPB41L2","OK","groupNormal",-0.5114094,0.136009,-3.7601,0.000187,1
"577","RPS12","OK","groupNormal",0.1911408,0.0516239,3.7026,0.000234,1
"578","SGK1","OK","groupNormal",-0.3124082,0.1117088,-2.7966,0.0053,1
"579","MTFR2","OK","groupNormal",-2.281636,0.9432216,-2.419,0.0159,1
"580","IFNGR1","OK","groupNormal",0.3289594,0.1045803,3.1455,0.0017,1
"581","PERP","OK","groupNormal",-0.4715269,0.1982118,-2.3789,0.0177,1
"582","VTA1","OK","groupNormal",-1.270035,0.4302796,-2.9516,0.00329,1
"583","AIG1","OK","groupNormal",-0.5768874,0.2060081,-2.8003,0.00528,1
"584","FUCA2","OK","groupNormal",-0.6475049,0.2857313,-2.2661,0.0238,1
"585","PHACTR2","OK","groupNormal",-0.2094818,0.0951856,-2.2008,0.0282,1
"586","SF3B5","OK","groupNormal",-0.4946493,0.1874694,-2.6386,0.00855,1
"587","SASH1","OK","groupNormal",0.3178972,0.1400541,2.2698,0.0236,1
"588","PLEKHG1","OK","groupNormal",0.4886641,0.2125079,2.2995,0.0218,1
"589","CNKSR3","OK","groupNormal",-0.7904615,0.1936826,-4.0812,5.12e-05,1
"590","TMEM181","OK","groupNormal",-0.6638988,0.2620242,-2.5337,0.0116,1
"591","EZR","OK","groupNormal",-0.4479537,0.1602455,-2.7954,0.00536,1
"592","SOD2","OK","groupNormal",0.2836557,0.0914714,3.101,0.002,1
"593","WTAP","OK","groupNormal",0.2924464,0.1299754,2.25,0.0248,1
"594","TCP1","OK","groupNormal",0.4332695,0.1842851,2.3511,0.0191,1
"595","MRPL18","OK","groupNormal",-0.6975154,0.2647359,-2.6348,0.00865,1
"596","IGF2R","OK","groupNormal",0.401821,0.1817655,2.2107,0.0275,1
"597","PDE10A","OK","groupNormal",0.8700316,0.3017999,2.8828,0.00409,1
"598","MLLT4","OK","groupNormal",-0.3059002,0.1176624,-2.5998,0.0096,1
"599","PHF10","OK","groupNormal",0.8471473,0.2242347,3.7779,0.000175,1
"600","DLL1","OK","groupNormal",-0.2873414,0.1416921,-2.0279,0.043,1
"601","FAM120B","OK","groupNormal",1.348404,0.5035923,2.6776,0.00763,1
"602","PDGFA","OK","groupNormal",-1.387818,0.3675258,-3.7761,0.000176,1
"603","CHST12","OK","groupNormal",0.5304586,0.2431414,2.1817,0.0295,1
"604","FSCN1","OK","groupNormal",-0.3478787,0.1261702,-2.7572,0.00602,1
"605","TSPAN13","OK","groupNormal",1.353871,0.3457787,3.9154,0.000101,1
"606","HDAC9","OK","groupNormal",-0.9133596,0.4166088,-2.1924,0.0288,1
"607","OSBPL3","OK","groupNormal",-1.147432,0.4828756,-2.3762,0.0178,1
"608","NFE2L3","OK","groupNormal",-1.78086,0.8204521,-2.1706,0.0304,1
"609","CTB.119C2.1","OK","groupNormal",-1.136503,0.4060021,-2.7993,0.0053,1
"610","SKAP2","OK","groupNormal",0.7840892,0.3389697,2.3132,0.0211,1
"611","INMT","OK","groupNormal",0.3852497,0.1684634,2.2868,0.0226,1
"612","AQP1","OK","groupNormal",-1.240182,0.4637761,-2.6741,0.00771,1
"613","SEPT7","OK","groupNormal",-0.2168846,0.0950807,-2.2811,0.0229,1
"614","UPP1","OK","groupNormal",0.5171482,0.1632298,3.1682,0.00162,1
"615","PSPH","OK","groupNormal",-2.368647,1.1387504,-2.08,0.038,1
"616","ZNF92","OK","groupNormal",1.03255,0.3777357,2.7335,0.00646,1
"617","GUSB","OK","groupNormal",0.4112679,0.1947353,2.1119,0.0351,1
"618","AUTS2","OK","groupNormal",-0.6458802,0.3176247,-2.0335,0.0425,1
"619","ELN","OK","groupNormal",-0.8513242,0.3745207,-2.2731,0.0234,1
"620","GTF2I","OK","groupNormal",-0.6331271,0.1544135,-4.1002,4.73e-05,1
"621","FGL2","OK","groupNormal",-0.5524959,0.2245452,-2.4605,0.0142,1
"622","RSBN1L","OK","groupNormal",-0.6684546,0.1878587,-3.5583,0.000404,1
"623","CD36","OK","groupNormal",-2.522797,1.2657741,-1.9931,0.0467,1
"624","SEMA3A","OK","groupNormal",-0.4258471,0.1191382,-3.5744,4e-04,1
"625","ABCB1","OK","groupNormal",-0.3009933,0.1067635,-2.8193,0.005,1
"626","KRIT1","OK","groupNormal",-0.539616,0.1982813,-2.7215,0.0067,1
"627","PON2","OK","groupNormal",0.3007158,0.0987057,3.0466,0.0024,1
"628","PDK4","OK","groupNormal",0.5697933,0.1543616,3.6913,0.000245,1
"629","ZNF3","OK","groupNormal",1.275497,0.5060761,2.5204,0.012,1
"630","PILRB","OK","groupNormal",-0.619447,0.2631559,-2.3539,0.0189,1
"631","MEPCE","OK","groupNormal",0.5352386,0.1968868,2.7185,0.00676,1
"632","EPHB4","OK","groupNormal",0.4949137,0.1740142,2.8441,0.00461,1
"633","ORAI2","OK","groupNormal",1.060721,0.3771543,2.8124,0.00509,1
"634","POLR2J","OK","groupNormal",-0.4135623,0.2084686,-1.9838,0.0478,1
"635","LRRC17","OK","groupNormal",-2.522797,1.1174231,-2.2577,0.0243,1
"636","KMT2E","OK","groupNormal",-0.1948946,0.0828783,-2.3516,0.019,1
"637","CCDC71L","OK","groupNormal",0.9714628,0.2935354,3.3095,0.000994,1
"638","PRKAR2B","OK","groupNormal",-0.6509953,0.2663331,-2.4443,0.0148,1
"639","DOCK4","OK","groupNormal",-0.7134629,0.2842441,-2.51,0.0123,1
"640","LSMEM1","OK","groupNormal",-0.7104188,0.2518425,-2.8209,0.00496,1
"641","LINC00998","OK","groupNormal",-0.6351563,0.2600765,-2.4422,0.0149,1
"642","MDFIC","OK","groupNormal",-0.460477,0.1775015,-2.5942,0.00973,1
"643","CAV1","OK","groupNormal",-0.2511679,0.1129146,-2.2244,0.0265,1
"644","TSPAN12","OK","groupNormal",-0.2395056,0.1201068,-1.9941,0.0466,1
"645","CALU","OK","groupNormal",-0.3413213,0.1441912,-2.3671,0.0183,1
"646","BPGM","OK","groupNormal",-0.8645694,0.416608,-2.0753,0.0384,1
"647","CALD1","OK","groupNormal",-0.4538824,0.117591,-3.8598,1e-04,1
"648","DGKI","OK","groupNormal",-0.8645694,0.4123579,-2.0966,0.0365,1
"649","ZC3HAV1","OK","groupNormal",-0.4734518,0.1314158,-3.6027,3e-04,1
"650","UBN2","OK","groupNormal",-0.6213391,0.2685527,-2.3137,0.021,1
"651","HIPK2","OK","groupNormal",0.2823867,0.1070389,2.6382,0.0086,1
"652","NDUFB2","OK","groupNormal",-0.3297906,0.1473516,-2.2381,0.0256,1
"653","NUB1","OK","groupNormal",-0.5876983,0.1841762,-3.191,0.0015,1
"654","GALNT11","OK","groupNormal",-0.7845267,0.3591392,-2.1845,0.0293,1
"655","PTPRN2","OK","groupNormal",-0.5481773,0.1837223,-2.9837,0.00297,1
"656","PLCXD1","OK","groupNormal",1.647736,0.6796706,2.4243,0.0156,1
"657","P2RY8","OK","groupNormal",1.038781,0.2485465,4.1794,3.38e-05,1
"658","AKAP17A","OK","groupNormal",-0.4207266,0.1880921,-2.2368,0.0257,1
"659","CD99","OK","groupNormal",0.2532574,0.1162354,2.1788,0.0298,1
"660","ARHGAP6","OK","groupNormal",-0.5768874,0.2741392,-2.1044,0.0358,1
"661","MSL3","OK","groupNormal",0.9111897,0.3785575,2.407,0.0164,1
"662","OFD1","OK","groupNormal",-0.4715269,0.2376128,-1.9844,0.0477,1
"663","RBBP7","OK","groupNormal",-0.5603581,0.242821,-2.3077,0.0214,1
"664","SCML1","OK","groupNormal",-0.5768874,0.1941058,-2.972,0.00308,1
"665","EIF1AX","OK","groupNormal",-0.2288987,0.1036363,-2.2087,0.0276,1
"666","ACOT9","OK","groupNormal",0.7853094,0.3089938,2.5415,0.0113,1
"667","SAT1","OK","groupNormal",0.2251142,0.078577,2.8649,0.00433,1
"668","APOO","OK","groupNormal",-1.270035,0.5742966,-2.2115,0.0274,1
"669","DYNLT3","OK","groupNormal",0.5147562,0.2097958,2.4536,0.0144,1
"670","RPGR","OK","groupNormal",0.8743265,0.2083998,4.1954,3.16e-05,1
"671","CXorf36","OK","groupNormal",-0.2971105,0.1433878,-2.0721,0.0387,1
"672","CDK16","OK","groupNormal",0.9147675,0.4413475,2.0727,0.0387,1
"673","TIMP1","OK","groupNormal",0.399258,0.1689304,2.3634,0.0184,1
"674","HDAC6","OK","groupNormal",-0.8645694,0.3557501,-2.4303,0.0154,1
"675","PLP2","OK","groupNormal",1.533326,0.6697821,2.2893,0.0224,1
"676","SHROOM4","OK","groupNormal",-0.3755629,0.1455113,-2.581,0.0101,1
"677","MAGED1","OK","groupNormal",1.168352,0.4575522,2.5535,0.0109,1
"678","HSD17B10","OK","groupNormal",0.6758756,0.3203706,2.1097,0.0353,1
"679","GNL3L","OK","groupNormal",-1.087713,0.5282328,-2.0592,0.0399,1
"680","MTRNR2L10","OK","groupNormal",-0.7775581,0.31673,-2.455,0.0144,1
"681","STARD8","OK","groupNormal",0.3394034,0.1293752,2.6234,0.00894,1
"682","EFNB1","OK","groupNormal",0.2497912,0.1220691,2.0463,0.0412,1
"683","ACRC","OK","groupNormal",-2.368647,1.1387504,-2.08,0.038,1
"684","PIN4","OK","groupNormal",-0.6620452,0.2369424,-2.7941,0.00538,1
"685","HDAC8","OK","groupNormal",1.369023,0.6020136,2.2741,0.0233,1
"686","TSIX","OK","groupNormal",-1.136503,0.3705522,-3.0671,0.00226,1
"687","JPX","OK","groupNormal",-0.6299972,0.2458473,-2.5626,0.0106,1
"688","CHM","OK","groupNormal",-0.7234908,0.2034223,-3.5566,0.000407,1
"689","RPL36A","OK","groupNormal",0.2881101,0.1169365,2.4638,0.014,1
"690","ARMCX4","OK","groupNormal",1.620337,0.8103858,1.9995,0.046,1
"691","ARMCX3","OK","groupNormal",-0.3945658,0.1661727,-2.3744,0.0179,1
"692","ARMCX2","OK","groupNormal",-0.7104188,0.3546452,-2.0032,0.0456,1
"693","WBP5","OK","groupNormal",0.4347135,0.1530106,2.8411,0.00466,1
"694","SLC25A43","OK","groupNormal",-1.365345,0.6298351,-2.1678,0.0306,1
"695","SEPT6","OK","groupNormal",-0.460477,0.1794908,-2.5655,0.0106,1
"696","RPL39","OK","groupNormal",0.2042422,0.0629636,3.2438,0.00125,1
"697","MCTS1","OK","groupNormal",-0.5998769,0.2891164,-2.0749,0.0384,1
"698","MAP7D3","OK","groupNormal",-0.9379007,0.355621,-2.6374,0.00858,1
"699","IDS","OK","groupNormal",0.4271089,0.1974248,2.1634,0.0309,1
"700","FAM58A","OK","groupNormal",-1.270035,0.48339,-2.6273,0.00884,1
"701","BCAP31","OK","groupNormal",0.3866361,0.1091616,3.5419,4e-04,1
"702","MECP2","OK","groupNormal",0.4249953,0.2064389,2.0587,0.04,1
"703","RPL10","OK","groupNormal",0.1742859,0.0491286,3.5475,0.000421,1
"704","LAGE3","OK","groupNormal",-1.270035,0.3424417,-3.7088,0.000229,1
"705","CLN8","OK","groupNormal",0.850229,0.3929528,2.1637,0.0309,1
"706","TNKS","OK","groupNormal",0.6758756,0.3184598,2.1223,0.0342,1
"707","MSRA","OK","groupNormal",-0.8645694,0.334571,-2.5841,0.01,1
"708","SOX7","OK","groupNormal",0.4039419,0.168767,2.3935,0.017,1
"709","LONRF1","OK","groupNormal",-0.9646529,0.3373371,-2.8596,0.0044,1
"710","FAM160B2","OK","groupNormal",0.9812572,0.4464375,2.198,0.0284,1
"711","TNFRSF10D","OK","groupNormal",-0.372707,0.1082067,-3.4444,6e-04,1
"712","TNFRSF10A","OK","groupNormal",0.6235076,0.2942749,2.1188,0.0345,1
"713","CHMP7","OK","groupNormal",-1.046891,0.4402219,-2.3781,0.0177,1
"714","SLC25A37","OK","groupNormal",-0.2892053,0.1251603,-2.3107,0.0212,1
"715","NKX3.1","OK","groupNormal",1.7455,0.7669248,2.276,0.0232,1
"716","STC1","OK","groupNormal",0.2049964,0.057993,3.5348,0.000441,1
"717","SCARA5","OK","groupNormal",-1.141417,0.3328417,-3.4293,0.000649,1
"718","HMBOX1","OK","groupNormal",-0.2938892,0.1463042,-2.0088,0.045,1
"719","DUSP4","OK","groupNormal",-0.4715269,0.2292293,-2.057,0.0401,1
"720","PPAPDC1B","OK","groupNormal",-0.7919988,0.3142529,-2.5203,0.012,1
"721","IKBKB","OK","groupNormal",-0.6414259,0.2232152,-2.8736,0.00421,1
"722","PRKDC","OK","groupNormal",-0.3885778,0.1464785,-2.6528,0.00821,1
"723","SOX17","OK","groupNormal",0.9350952,0.2876485,3.2508,0.00122,1
"724","RPS20","OK","groupNormal",0.2049084,0.0635417,3.2248,0.00133,1
"725","SDCBP","OK","groupNormal",0.258642,0.081044,3.1914,0.0015,1
"726","NSMAF","OK","groupNormal",1.172313,0.5449379,2.1513,0.0319,1
"727","CYP7B1","OK","groupNormal",-2.281636,0.8105642,-2.8149,0.00505,1
"728","ZBTB10","OK","groupNormal",-0.4030404,0.1700806,-2.3697,0.0181,1
"729","RPL30","OK","groupNormal",0.1866871,0.057769,3.2316,0.0013,1
"730","COX6C","OK","groupNormal",0.2146999,0.1063552,2.0187,0.044,1
"731","EBAG9","OK","groupNormal",-0.6779835,0.2599065,-2.6086,0.00933,1
"732","RAD21","OK","groupNormal",-0.2641317,0.1319483,-2.0018,0.0458,1
"733","NOV","OK","groupNormal",-2.774112,0.8195229,-3.385,0.000761,1
"734","ZHX2","OK","groupNormal",-1.606507,0.6010465,-2.6728,0.00774,1
"735","MTSS1","OK","groupNormal",-0.3167553,0.1306322,-2.4248,0.01563,1
"736","TRIB1","OK","groupNormal",0.6031652,0.1860385,3.2422,0.00126,1
"737","FAM84B","OK","groupNormal",0.9491689,0.363737,2.6095,0.00931,1
"738","ASAP1","OK","groupNormal",-0.2320469,0.0912182,-2.5439,0.0112,1
"739","PHF20L1","OK","groupNormal",-0.381987,0.1881893,-2.0298,0.0428,1
"740","ST3GAL1","OK","groupNormal",0.7381795,0.2128263,3.4685,0.000563,1
"741","NAPRT1","OK","groupNormal",-0.8057289,0.2679511,-3.007,0.00276,1
"742","EEF1D","OK","groupNormal",0.3182127,0.0777347,4.0936,4.86e-05,1
"743","NRBP2","OK","groupNormal",-1.087713,0.34638,-3.1402,0.00178,1
"744","PLEC","OK","groupNormal",0.43966,0.2054043,2.1405,0.0327,1
"745","PARP10","OK","groupNormal",-0.9282853,0.375087,-2.4749,0.0136,1
"746","RPL8","OK","groupNormal",0.169712,0.052856,3.2108,0.0014,1
"747","JAK2","OK","groupNormal",-1.307775,0.4167114,-3.1383,0.00179,1
"748","TMEM261","OK","groupNormal",0.7374335,0.363263,2.03,0.0428,1
"749","CCDC171","OK","groupNormal",-1.606507,0.7367318,-2.1806,0.0296,1
"750","RPS6","OK","groupNormal",0.1882909,0.0515588,3.652,0.000284,1
"751","MLLT3","OK","groupNormal",-0.7310381,0.3157983,-2.3149,0.021,1
"752","NUDT2","OK","groupNormal",-1.218741,0.4494496,-2.7116,0.0069,1
"753","STOML2","OK","groupNormal",-0.5343278,0.2418926,-2.2089,0.0276,1
"754","LINC00961","OK","groupNormal",-0.7735977,0.392921,-1.9688,0.0495,1
"755","GRHPR","OK","groupNormal",-0.843516,0.2901185,-2.9075,0.00379,1
"756","TOMM5","OK","groupNormal",1.104871,0.5474968,2.018,0.0441,1
"757","GNAQ","OK","groupNormal",-0.2501026,0.1156562,-2.1625,0.031,1
"758","GOLM1","OK","groupNormal",-0.4733467,0.1589041,-2.9788,0.00302,1
"759","C9orf47","OK","groupNormal",1.601645,0.5695475,2.8121,0.00509,1
"760","NFIL3","OK","groupNormal",0.7730393,0.2524063,3.0627,0.0023,1
"761","FAM120A","OK","groupNormal",-0.415246,0.162762,-2.5512,0.011,1
"762","HABP4","OK","groupNormal",-0.5515696,0.2805133,-1.9663,0.0498,1
"763","TBC1D2","OK","groupNormal",2.131163,1.037259,2.0546,0.0404,1
"764","NR4A3","OK","groupNormal",-0.8105022,0.3806701,-2.1291,0.0337,1
"765","TEX10","OK","groupNormal",-0.9133596,0.4423344,-2.0649,0.0394,1
"766","ABCA1","OK","groupNormal",1.214872,0.5742237,2.1157,0.0348,1
"767","ZNF462","OK","groupNormal",-0.8282018,0.3967663,-2.0874,0.0373,1
"768","CTNNAL1","OK","groupNormal",-0.251465,0.0947061,-2.6552,0.0081,1
"769","PTGR1","OK","groupNormal",0.7158809,0.2769242,2.5851,0.00998,1
"770","UGCG","OK","groupNormal",0.3104158,0.1436024,2.1616,0.0311,1
"771","ZNF618","OK","groupNormal",-1.087713,0.3553256,-3.0612,0.00231,1
"772","BRINP1","OK","groupNormal",2.491165,0.9759167,2.5526,0.011,1
"773","PSMD5.AS1","OK","groupNormal",1.242271,0.5001103,2.484,0.0133,1
"774","STOM","OK","groupNormal",0.150222,0.0747042,2.0109,0.0448,1
"775","LHX6","OK","groupNormal",-0.8591198,0.278946,-3.0799,0.00217,1
"776","RBM18","OK","groupNormal",-0.7710434,0.286645,-2.6899,0.00736,1
"777","OLFML2A","OK","groupNormal",-1.126934,0.429315,-2.625,0.0089,1
"778","RPL35","OK","groupNormal",0.1674821,0.0666184,2.5141,0.0122,1
"779","GOLGA1","OK","groupNormal",-0.9823525,0.4459581,-2.2028,0.028,1
"780","RPL12","OK","groupNormal",0.1707692,0.0685582,2.4909,0.013,1
"781","FAM129B","OK","groupNormal",0.5966262,0.2741168,2.1765,0.0299,1
"782","AK1","OK","groupNormal",-0.8522994,0.2454211,-3.4728,0.000554,1
"783","SET","OK","groupNormal",-0.2410861,0.0963381,-2.5025,0.0126,1
"784","IER5L","OK","groupNormal",-0.4308558,0.1302014,-3.3091,0.001,1
"785","PTGES","OK","groupNormal",-1.365345,0.6594453,-2.0704,0.0389,1
"786","RPL7A","OK","groupNormal",0.2129894,0.0595487,3.5767,0.000378,1
"787","ADAMTSL2","OK","groupNormal",-0.8706485,0.2933474,-2.968,0.00312,1
"788","RXRA","OK","groupNormal",0.4541316,0.2057831,2.2068,0.0277,1
"789","NACC2","OK","groupNormal",0.8401786,0.3564386,2.3571,0.0188,1
"790","SDCCAG3","OK","groupNormal",-1.062395,0.4167039,-2.5495,0.011,1
"791","NOTCH1","OK","groupNormal",0.3433954,0.138443,2.4804,0.0134,1
"792","LCN6.1","OK","groupNormal",-1.588488,0.6835855,-2.3238,0.0205,1
"793","PHPT1","OK","groupNormal",-0.4682535,0.2093901,-2.2363,0.0257,1
"794","PTGDS","OK","groupNormal",-0.1701975,0.0755878,-2.2517,0.0247,1
"795","CLIC3","OK","groupNormal",-0.5478998,0.2269571,-2.4141,0.0161,1
"796","TOR4A","OK","groupNormal",1.908019,0.7374457,2.5873,0.00992,1
"797","ARRDC1","OK","groupNormal",0.7223956,0.3468179,2.0829,0.0377,1
"798","IDI1","OK","groupNormal",-0.3138426,0.1540164,-2.0377,0.042,1
"799","ATP5C1","OK","groupNormal",-0.3049537,0.1484705,-2.054,0.0404,1
"800","TAF3","OK","groupNormal",-0.4383012,0.2078072,-2.1092,0.0354,1
"801","DHTKD1","OK","groupNormal",-1.115884,0.5493335,-2.0313,0.0427,1
"802","VIM","OK","groupNormal",0.0977064,0.0383068,2.5506,0.011,1
"803","DNAJC1","OK","groupNormal",-0.3026145,0.0973291,-3.1092,0.002,1
"804","MAP3K8","OK","groupNormal",0.4611003,0.2301114,2.0038,0.0456,1
"805","EPC1","OK","groupNormal",-0.3754656,0.1427647,-2.63,0.00877,1
"806","CCDC7","OK","groupNormal",-1.270034,0.6430825,-1.9749,0.0488,1
"807","ZNF25","OK","groupNormal",-0.882269,0.4183559,-2.1089,0.0354,1
"808","C10orf10","OK","groupNormal",0.425877,0.1500417,2.8384,0.0047,1
"809","MARCH8","OK","groupNormal",1.582597,0.7819104,2.024,0.0434,1
"810","AGAP8","OK","groupNormal",-2.080965,0.9718609,-2.1412,0.0327,1
"811","ARID5B","OK","groupNormal",-0.4768039,0.2408292,-1.9798,0.0482,1
"812","HERC4","OK","groupNormal",0.5121555,0.2289507,2.237,0.0257,1
"813","KIAA1279","OK","groupNormal",-0.8000309,0.2908944,-2.7502,0.00614,1
"814","SRGN","OK","groupNormal",0.1934618,0.0493677,3.9188,9.98e-05,1
"815","ASCC1","OK","groupNormal",1.533326,0.6189581,2.4773,0.0135,1
"816","PPP3CB","OK","groupNormal",0.7913885,0.3805496,2.0796,0.038,1
"817","USP54","OK","groupNormal",1.344925,0.537345,2.5029,0.0126,1
"818","CHCHD1","OK","groupNormal",-0.5768874,0.2772158,-2.081,0.0379,1
"819","CAMK2G","OK","groupNormal",1.014201,0.4797051,2.1142,0.0349,1
"820","RPS24","OK","groupNormal",0.1633777,0.0560371,2.9155,0.00369,1
"821","ZMIZ1","OK","groupNormal",-0.3745189,0.1508722,-2.4824,0.0133,1
"822","ZCCHC24","OK","groupNormal",0.7864175,0.3196765,2.46,0.0142,1
"823","SH2D4B","OK","groupNormal",-2.522797,1.2657741,-1.9931,0.0467,1
"824","CCSER2","OK","groupNormal",-0.5659583,0.166814,-3.3928,0.00074,1
"825","SNCG","OK","groupNormal",0.5217249,0.1507622,3.4606,0.000579,1
"826","ADIRF","OK","groupNormal",0.3026458,0.0874987,3.4589,6e-04,1
"827","NUTM2A.AS1","OK","groupNormal",1.238403,0.4834749,2.5615,0.0107,1
"828","ATAD1","OK","groupNormal",-1.031624,0.266822,-3.8663,0.000123,1
"829","PTEN","OK","groupNormal",-0.4689984,0.1909963,-2.4555,0.0144,1
"830","RPP30","OK","groupNormal",1.014201,0.5009539,2.0245,0.0434,1
"831","MYOF","OK","groupNormal",-1.06524,0.3694142,-2.8836,0.00408,1
"832","TM9SF3","OK","groupNormal",-0.2708562,0.1198327,-2.2603,0.0242,1
"833","C10orf12","OK","groupNormal",-1.6755,0.8283365,-2.0227,0.0436,1
"834","EXOSC1","OK","groupNormal",1.172313,0.5761766,2.0346,0.0424,1
"835","ERLIN1","OK","groupNormal",-1.087713,0.4448014,-2.4454,0.0148,1
"836","FBXW4","OK","groupNormal",1.238403,0.5898661,2.0995,0.0362,1
"837","MGEA5","OK","groupNormal",0.4397513,0.1706468,2.577,0.0102,1
"838","C10orf32","OK","groupNormal",0.5085668,0.1834616,2.7721,0.00575,1
"839","ITPRIP","OK","groupNormal",-0.3255729,0.0918604,-3.5442,4e-04,1
"840","C10orf118","OK","groupNormal",-0.4156192,0.1744619,-2.3823,0.0175,1
"841","FAM160B1","OK","groupNormal",0.809407,0.353982,2.2866,0.0226,1
"842","EIF3A","OK","groupNormal",-0.3134699,0.1362581,-2.3006,0.0218,1
"843","SFXN4","OK","groupNormal",-2.522797,1.1174231,-2.2577,0.0243,1
"844","TIAL1","OK","groupNormal",-0.39001,0.1893058,-2.0602,0.0398,1
"845","HTRA1","OK","groupNormal",-0.5088339,0.1418666,-3.5867,4e-04,1
"846","C10orf88","OK","groupNormal",-1.270034,0.6342111,-2.0025,0.0457,1
"847","SCT","OK","groupNormal",-1.346996,0.3909891,-3.4451,0.000613,1
"848","RPLP2","OK","groupNormal",0.1568203,0.0513703,3.0527,0.00237,1
"849","EFCAB4A","OK","groupNormal",-0.6050583,0.2764352,-2.1888,0.029,1
"850","POLR2L","OK","groupNormal",-0.4125843,0.1074536,-3.8397,1e-04,1
"851","DUSP8","OK","groupNormal",1.415543,0.7199452,1.9662,0.0498,1
"852","KCNQ1OT1","OK","groupNormal",-0.5768874,0.1496228,-3.8556,0.000129,1
"853","ZNF195","OK","groupNormal",-1.115884,0.5101353,-2.1874,0.0291,1
"854","RHOG","OK","groupNormal",0.5682449,0.2712663,2.0948,0.0366,1
"855","RPL27A","OK","groupNormal",0.2601859,0.0640562,4.0618,5.55e-05,1
"856","ST5","OK","groupNormal",-1.365345,0.6298351,-2.1678,0.0306,1
"857","ZNF143","OK","groupNormal",-0.9823525,0.4113346,-2.3882,0.0173,1
"858","WEE1","OK","groupNormal",-1.557717,0.5763809,-2.7026,0.00709,1
"859","MTRNR2L8","OK","groupNormal",-0.2303648,0.0841856,-2.7364,0.00641,1
"860","ZBED5","OK","groupNormal",-0.6902161,0.3164047,-2.1814,0.0296,1
"861","GALNT18","OK","groupNormal",0.4008884,0.1450057,2.7646,0.00588,1
"862","GTF2H1","OK","groupNormal",-0.7592089,0.325448,-2.3328,0.02,1
"863","CAT","OK","groupNormal",-0.8711268,0.2621472,-3.323,0.000948,1
"864","TRIM44","OK","groupNormal",-0.6295311,0.1918752,-3.2809,0.0011,1
"865","TRAF6","OK","groupNormal",-0.7661294,0.3674478,-2.085,0.0375,1
"866","HSD17B12","OK","groupNormal",-0.2389435,0.1019509,-2.3437,0.0194,1
"867","CD82","OK","groupNormal",0.4695392,0.2124903,2.2097,0.0275,1
"868","DGKZ","OK","groupNormal",-0.5343278,0.2086485,-2.5609,0.0107,1
"869","ATG13","OK","groupNormal",1.502554,0.7343018,2.0462,0.0412,1
"870","ARFGAP2","OK","groupNormal",0.6674367,0.3370461,1.9803,0.0482,1
"871","TNKS1BP1","OK","groupNormal",1.121782,0.3283043,3.4169,0.000679,1
"872","ZDHHC5","OK","groupNormal",-0.7592089,0.2831218,-2.6816,0.00754,1
"873","TMEM132A","OK","groupNormal",1.143776,0.3063292,3.7338,0.000208,1
"874","ASRGL1","OK","groupNormal",1.268939,0.532112,2.3847,0.0174,1
"875","AHNAK","OK","groupNormal",0.2378669,0.0851989,2.7919,0.0054,1
"876","GANAB","OK","groupNormal",0.5919292,0.1875428,3.1562,0.00168,1
"877","HNRNPUL2","OK","groupNormal",0.5888642,0.2916938,2.0188,0.044,1
"878","WDR74","OK","groupNormal",0.7471647,0.2649696,2.8198,0.00497,1
"879","SLC3A2","OK","groupNormal",0.46094,0.1122174,4.1076,4.59e-05,1
"880","PLA2G16","OK","groupNormal",-0.3124082,0.1522369,-2.0521,0.0406,1
"881","VEGFB","OK","groupNormal",-0.9823525,0.4817686,-2.0391,0.0419,1
"882","EHD1","OK","groupNormal",0.9455392,0.4449809,2.1249,0.034,1
"883","FAU","OK","groupNormal",0.198273,0.0651329,3.0441,0.00244,1
"884","FRMD8","OK","groupNormal",0.8939644,0.3190046,2.8024,0.00525,1
"885","FAM89B","OK","groupNormal",0.4163644,0.1994503,2.0876,0.0373,1
"886","RELA","OK","groupNormal",0.4323798,0.2119856,2.0397,0.0418,1
"887","FIBP","OK","groupNormal",0.7668474,0.3558073,2.1552,0.0316,1
"888","FOSL1","OK","groupNormal",0.875365,0.4172949,2.0977,0.0364,1
"889","RIN1","OK","groupNormal",1.261392,0.5641899,2.2358,0.0258,1
"890","MRPL11","OK","groupNormal",1.014201,0.4333732,2.3402,0.0196,1
"891","CTSF","OK","groupNormal",-0.6569301,0.3324779,-1.9759,0.0487,1
"892","CDK2AP2","OK","groupNormal",0.7913885,0.2759943,2.8674,0.00429,1
"893","NADSYN1","OK","groupNormal",1.7455,0.6085135,2.8685,0.00428,1
"894","PDE2A","OK","groupNormal",0.3562814,0.1430849,2.49,0.0131,1
"895","ARAP1","OK","groupNormal",1.247662,0.5981666,2.0858,0.0374,1
"896","ATG16L2","OK","groupNormal",0.6833663,0.3458947,1.9756,0.0487,1
"897","FCHSD2","OK","groupNormal",0.6628035,0.2919952,2.2699,0.0236,1
"898","SLCO2B1","OK","groupNormal",0.9345701,0.3813294,2.4508,0.0146,1
"899","RPS3","OK","groupNormal",0.158224,0.0620493,2.55,0.011,1
"900","NDUFC2","OK","groupNormal",-0.2767828,0.1302959,-2.1243,0.0341,1
"901","KCTD21","OK","groupNormal",-1.588488,0.6997533,-2.2701,0.0236,1
"902","PRCP","OK","groupNormal",-0.2816007,0.0928573,-3.0326,0.0025,1
"903","TMEM126A","OK","groupNormal",-0.9335623,0.4460955,-2.0927,0.0368,1
"904","TMEM135","OK","groupNormal",1.962087,0.744226,2.6364,0.00861,1
"905","CHORDC1","OK","groupNormal",-0.6102238,0.2310781,-2.6408,0.0085,1
"906","SMCO4","OK","groupNormal",-0.6769708,0.3274397,-2.0675,0.0391,1
"907","TAF1D","OK","groupNormal",-0.3169299,0.1313223,-2.4134,0.0161,1
"908","PDGFD","OK","groupNormal",-0.7424018,0.2533283,-2.9306,0.00352,1
"909","ACAT1","OK","groupNormal",-0.7570135,0.2001088,-3.783,0.000171,1
"910","ZC3H12C","OK","groupNormal",1.294915,0.5887642,2.1994,0.0283,1
"911","RDX","OK","groupNormal",-0.306597,0.0781698,-3.9222,9.85e-05,1
"912","ARHGAP20","OK","groupNormal",-0.7845267,0.2590698,-3.0282,0.00257,1
"913","DLAT","OK","groupNormal",-1.012205,0.5057069,-2.0016,0.0458,1
"914","FXYD6","OK","groupNormal",-0.2788425,0.1363028,-2.0458,0.0412,1
"915","MPZL2","OK","groupNormal",0.2161432,0.0869573,2.4856,0.0132,1
"916","RPS25","OK","groupNormal",0.1456564,0.059094,2.4648,0.014,1
"917","MCAM","OK","groupNormal",-0.4194199,0.1569057,-2.6731,0.00773,1
"918","RNF26","OK","groupNormal",-1.270034,0.6430825,-1.9749,0.0488,1
"919","THY1","OK","groupNormal",-2.569317,0.7747858,-3.3162,0.000971,1
"920","HSPA8","OK","groupNormal",-0.2947587,0.0840967,-3.505,0.000493,1
"921","NRGN","OK","groupNormal",-1.195927,0.5638498,-2.121,0.0344,1
"922","ROBO3","OK","groupNormal",1.003563,0.4932775,2.0345,0.0424,1
"923","NFRKB","OK","groupNormal",1.214872,0.6099384,1.9918,0.0469,1
"924","ADIPOR2","OK","groupNormal",0.4447639,0.1402503,3.1712,0.0016,1
"925","FKBP4","OK","groupNormal",0.6159121,0.273694,2.2504,0.0248,1
"926","ANO2","OK","groupNormal",-0.8556008,0.3220765,-2.6565,0.00812,1
"927","CD9","OK","groupNormal",0.2588497,0.088894,2.9119,0.0037,1
"928","CD27.AS1","OK","groupNormal",-1.350077,0.5869405,-2.3002,0.0218,1
"929","MRPL51","OK","groupNormal",-0.6753274,0.1628177,-4.1478,3.87e-05,1
"930","GAPDH","OK","groupNormal",0.2324312,0.057936,4.0119,6.83e-05,1
"931","CHD4","OK","groupNormal",-0.3273243,0.1379492,-2.3728,0.018,1
"932","PTPN6","OK","groupNormal",-1.387817,0.6189249,-2.2423,0.0253,1
"933","CLEC4E","OK","groupNormal",3.97699,1.300322,3.0585,0.00233,1
"934","A2M","OK","groupNormal",-0.2162363,0.0572558,-3.7767,0.000176,1
"935","YBX3","OK","groupNormal",0.2926916,0.072945,4.0125,6.81e-05,1
"936","RP11.434C1.1","OK","groupNormal",-2.186325,1.091581,-2.0029,0.0457,1
"937","CDKN1B","OK","groupNormal",-0.4696418,0.1293915,-3.6296,3e-04,1
"938","APOLD1","OK","groupNormal",0.1967322,0.0655895,2.9994,0.00282,1
"939","MGP","OK","groupNormal",0.2166278,0.10578,2.0479,0.041,1
"940","BHLHE41","OK","groupNormal",-1.6755,0.687245,-2.438,0.0151,1
"941","ITPR2","OK","groupNormal",-0.489876,0.2328763,-2.1036,0.0359,1
"942","RP11.630C16.2","OK","groupNormal",-2.879472,1.3106415,-2.197,0.0284,1
"943","TMEM117","OK","groupNormal",-1.493178,0.646817,-2.3085,0.0213,1
"944","RAPGEF3","OK","groupNormal",-0.4421548,0.1840069,-2.4029,0.0166,1
"945","SENP1","OK","groupNormal",-0.8645694,0.4203709,-2.0567,0.0402,1
"946","RND1","OK","groupNormal",0.5245944,0.1431572,3.6645,0.000271,1
"947","LIMA1","OK","groupNormal",-0.3238909,0.1074006,-3.0157,0.0027,1
"948","METTL7A","OK","groupNormal",-0.5009015,0.1303232,-3.8435,1e-04,1
"949","RP11.1100L3.8","OK","groupNormal",-1.350077,0.551293,-2.4489,0.0146,1
"950","RARG","OK","groupNormal",-0.5988663,0.2450414,-2.4439,0.0148,1
"951","ZNF385A","OK","groupNormal",-1.270034,0.6069559,-2.0925,0.0368,1
"952","CDK2","OK","groupNormal",0.7730393,0.3632382,2.1282,0.0338,1
"953","RPL41","OK","groupNormal",0.1886211,0.0457296,4.1247,4.27e-05,1
"954","MYL6","OK","groupNormal",0.147197,0.0630873,2.3332,0.02,1
"955","RBMS2","OK","groupNormal",0.737948,0.2702765,2.7303,0.00652,1
"956","DDIT3","OK","groupNormal",0.4797607,0.1758312,2.7285,0.00656,1
"957","OS9","OK","groupNormal",0.3301867,0.1368302,2.4131,0.0161,1
"958","SRGAP1","OK","groupNormal",-1.01872,0.4411509,-2.3092,0.0213,1
"959","IRAK3","OK","groupNormal",0.4327774,0.1394821,3.1027,0.00201,1
"960","SLC35E3","OK","groupNormal",-0.9335623,0.3804842,-2.4536,0.0144,1
"961","KCNMB4","OK","groupNormal",1.007233,0.4709543,2.1387,0.0329,1
"962","PTPRB","OK","groupNormal",0.190772,0.0788637,2.419,0.0159,1
"963","NAV3","OK","groupNormal",-2.368647,0.7785215,-3.0425,0.00245,1
"964","DUSP6","OK","groupNormal",-0.3452811,0.0849016,-4.0668,5.44e-05,1
"965","EEA1","OK","groupNormal",-0.6431368,0.1962024,-3.2779,0.00111,1
"966","NUDT4","OK","groupNormal",0.3949732,0.1687072,2.3412,0.0196,1
"967","SOCS2","OK","groupNormal",-0.3601336,0.1224179,-2.9418,0.0034,1
"968","ELK3","OK","groupNormal",-0.2525712,0.0961879,-2.6258,0.0089,1
"969","SLC25A3","OK","groupNormal",0.3588214,0.1057219,3.394,7e-04,1
"970","GLT8D2","OK","groupNormal",-1.087713,0.3305833,-3.2903,0.00106,1
"971","CRY1","OK","groupNormal",1.389226,0.5017376,2.7688,0.00581,1
"972","TCHP","OK","groupNormal",-1.375395,0.4336923,-3.1714,0.0016,1
"973","GIT2","OK","groupNormal",-0.6028629,0.2591901,-2.3259,0.0204,1
"974","PPTC7","OK","groupNormal",-0.8425905,0.3342234,-2.521,0.012,1
"975","TCTN1","OK","groupNormal",1.86546,0.8913379,2.0929,0.0368,1
"976","TMEM233","OK","groupNormal",-1.053811,0.4438147,-2.3744,0.0179,1
"977","PRKAB1","OK","groupNormal",0.3655642,0.1648003,2.2182,0.0269,1
"978","RPLP0","OK","groupNormal",0.2574862,0.0789475,3.2615,0.00117,1
"979","P2RX7","OK","groupNormal",-2.656329,1.349699,-1.9681,0.0495,1
"980","RSRC2","OK","groupNormal",-0.2539235,0.108883,-2.3321,0.02,1
"981","PITPNM2","OK","groupNormal",0.5057246,0.2141663,2.3614,0.0185,1
"982","ANKLE2","OK","groupNormal",0.6183517,0.2901356,2.1313,0.0335,1
"983","RPL21","OK","groupNormal",0.2180425,0.0542052,4.0225,6.54e-05,1
"984","FLT1","OK","groupNormal",0.1761921,0.0500817,3.5181,0.000469,1
"985","POMP","OK","groupNormal",0.1892203,0.0905112,2.0906,0.037,1
"986","FRY","OK","groupNormal",-0.5414854,0.1606692,-3.3702,0.000802,1
"987","BRCA2","OK","groupNormal",-1.588488,0.8024465,-1.9796,0.0482,1
"988","SMAD9","OK","groupNormal",-0.6319472,0.2527948,-2.4998,0.0127,1
"989","COG6","OK","groupNormal",-1.03642,0.4570199,-2.2678,0.0237,1
"990","DNAJC15","OK","groupNormal",-0.3368334,0.1408497,-2.3914,0.0171,1
"991","TSC22D1","OK","groupNormal",-0.1769933,0.0636607,-2.7803,0.00561,1
"992","RB1","OK","groupNormal",-0.4088956,0.1762847,-2.3195,0.0207,1
"993","RCBTB2","OK","groupNormal",-0.7545686,0.2811507,-2.6839,0.00749,1
"994","CAB39L","OK","groupNormal",-2.186325,0.9674236,-2.2599,0.0242,1
"995","INTS6","OK","groupNormal",-0.3504705,0.1359482,-2.578,0.0102,1
"996","VPS36","OK","groupNormal",-0.4295627,0.2130815,-2.016,0.0443,1
"997","PCDH17","OK","groupNormal",-0.4165447,0.1232065,-3.3809,0.000772,1
"998","TBC1D4","OK","groupNormal",-1.911888,0.5653476,-3.3818,0.00077,1
"999","LMO7","OK","groupNormal",-1.062395,0.2969358,-3.5779,0.000376,1
"1000","MYCBP2","OK","groupNormal",-0.2873821,0.1335371,-2.1521,0.0318,1
"1001","RAP2A","OK","groupNormal",-0.6281807,0.2646188,-2.3739,0.0179,1
"1002","EFNB2","OK","groupNormal",0.2627107,0.10929,2.4038,0.0165,1
"1003","ARGLU1","OK","groupNormal",-0.2591979,0.0894995,-2.8961,0.0039,1
"1004","FAM155A","OK","groupNormal",-1.606507,0.7173529,-2.2395,0.0255,1
"1005","COL4A2","OK","groupNormal",-0.4037946,0.1441644,-2.8009,0.005269,1
"1006","ATP11A","OK","groupNormal",0.4386583,0.1973187,2.2231,0.0266,1
"1007","TMEM255B","OK","groupNormal",1.798018,0.6629091,2.7123,0.00688,1
"1008","PNP","OK","groupNormal",0.5568162,0.1897224,2.9349,0.00347,1
"1009","METTL17","OK","groupNormal",0.92719,0.4480402,2.0694,0.039,1
"1010","SUPT16H","OK","groupNormal",-0.5411693,0.2536886,-2.1332,0.0333,1
"1011","METTL3","OK","groupNormal",1.03255,0.4636431,2.227,0.0263,1
"1012","PSMB5","OK","groupNormal",-0.3641066,0.168867,-2.1562,0.0315,1
"1013","BCL2L2","OK","groupNormal",1.459995,0.6392985,2.2837,0.0228,1
"1014","DHRS4L2","OK","groupNormal",-0.6340458,0.2875341,-2.2051,0.0278,1
"1015","PSME1","OK","groupNormal",-0.2322463,0.1079024,-2.1524,0.0318,1
"1016","PSME2","OK","groupNormal",-0.3463637,0.1524024,-2.2727,0.0234,1
"1017","IRF9","OK","groupNormal",-0.6982482,0.2604355,-2.6811,0.00755,1
"1018","NFKBIA","OK","groupNormal",0.2675896,0.070176,3.8131,0.000152,1
"1019","CTAGE5","OK","groupNormal",2.82431,1.299546,2.1733,0.0302,1
"1020","FKBP3","OK","groupNormal",-0.7859792,0.2608255,-3.0134,0.0027,1
"1021","RN7SL1","OK","groupNormal",-0.4197018,0.1647537,-2.5474,0.0111,1
"1022","NIN","OK","groupNormal",-0.8582998,0.2704314,-3.1738,0.00159,1
"1023","NID2","OK","groupNormal",-1.236133,0.3932259,-3.1436,0.00176,1
"1024","ERO1L","OK","groupNormal",-0.4214733,0.1519232,-2.7743,0.00571,1
"1025","GMFB","OK","groupNormal",0.8271066,0.3885353,2.1288,0.0337,1
"1026","RTN1","OK","groupNormal",-1.270035,0.5734695,-2.2147,0.0272,1
"1027","PCNXL4","OK","groupNormal",-0.7047207,0.3293401,-2.1398,0.0328,1
"1028","EIF2S1","OK","groupNormal",0.5940456,0.2183465,2.7207,0.00671,1
"1029","ZFP36L1","OK","groupNormal",0.1572212,0.0743131,2.1157,0.0348,1
"1030","TTC9","OK","groupNormal",-1.120503,0.3697369,-3.0305,0.00255,1
"1031","NUMB","OK","groupNormal",-0.443356,0.1790947,-2.4755,0.0136,1
"1032","NEK9","OK","groupNormal",-0.8282018,0.383486,-2.1597,0.0312,1
"1033","FLVCR2","OK","groupNormal",0.3077138,0.143451,2.1451,0.0324,1
"1034","FLRT2","OK","groupNormal",-0.8980921,0.2158413,-4.1609,3.66e-05,1
"1035","TRIP11","OK","groupNormal",-0.3553981,0.153388,-2.317,0.0209,1
"1036","RIN3","OK","groupNormal",1.076036,0.4774105,2.2539,0.0246,1
"1037","LGMN","OK","groupNormal",0.4494043,0.2090282,2.15,0.032,1
"1038","BTBD7","OK","groupNormal",-0.4949703,0.1797987,-2.7529,0.0061,1
"1039","IFI27L2","OK","groupNormal",0.6453389,0.2329892,2.7698,0.00579,1
"1040","RP11.872J21.3","OK","groupNormal",-2.186325,1.091581,-2.0029,0.0457,1
"1041","EML1","OK","groupNormal",-0.4215369,0.1405919,-2.9983,0.00283,1
"1042","DYNC1H1","OK","groupNormal",-0.2596465,0.1283162,-2.0235,0.0435,1
"1043","HSP90AA1","OK","groupNormal",0.1231485,0.0583216,2.1115,0.0352,1
"1044","TNFAIP2","OK","groupNormal",0.3912029,0.1636252,2.3908,0.0171,1
"1045","BAG5","OK","groupNormal",-0.6638988,0.2379294,-2.7903,0.00544,1
"1046","APOPT1","OK","groupNormal",-1.270035,0.5844841,-2.1729,0.0302,1
"1047","KLF13","OK","groupNormal",1.055807,0.3564088,2.9623,0.00318,1
"1048","RYR3","OK","groupNormal",-2.281636,1.073807,-2.1248,0.034,1
"1049","GOLGA8A","OK","groupNormal",1.268939,0.4950039,2.5635,0.0106,1
"1050","BAHD1","OK","groupNormal",-0.8000309,0.4062669,-1.9692,0.0494,1
"1051","DLL4","OK","groupNormal",0.4486998,0.1717156,2.613,0.00921,1
"1052","INO80","OK","groupNormal",0.7913885,0.3716231,2.1295,0.0336,1
"1053","EHD4","OK","groupNormal",0.2766025,0.1028003,2.6907,0.0073,1
"1054","UBR1","OK","groupNormal",-0.4576989,0.1826311,-2.5061,0.0125,1
"1055","SPG11","OK","groupNormal",-0.515012,0.2513692,-2.0488,0.0409,1
"1056","SEMA6D","OK","groupNormal",-0.7679426,0.3611476,-2.1264,0.0339,1
"1057","LEO1","OK","groupNormal",-0.8531408,0.393631,-2.1674,0.0306,1
"1058","CCPG1","OK","groupNormal",-0.4165447,0.1203771,-3.4603,6e-04,1
"1059","FAM63B","OK","groupNormal",-0.2941193,0.1275022,-2.3068,0.0214,1
"1060","MYO1E","OK","groupNormal",-0.6614448,0.2895766,-2.2842,0.0227,1
"1061","TPM1","OK","groupNormal",0.236061,0.1050442,2.2473,0.025,1
"1062","RPS27L","OK","groupNormal",-0.3199272,0.1315155,-2.4326,0.0153,1
"1063","RAB8B","OK","groupNormal",-0.3537438,0.1704637,-2.0752,0.0384,1
"1064","USP3","OK","groupNormal",-0.5768874,0.2356284,-2.4483,0.0147,1
"1065","ANKDD1A","OK","groupNormal",-0.7919988,0.3550922,-2.2304,0.0261,1
"1066","PTPLAD1","OK","groupNormal",-0.6123941,0.1881903,-3.2541,0.00121,1
"1067","RAB11A","OK","groupNormal",-0.2081641,0.0951063,-2.1888,0.029,1
"1068","SMAD6","OK","groupNormal",-0.3913862,0.133619,-2.9291,0.0035,1
"1069","PIAS1","OK","groupNormal",0.491872,0.2485458,1.979,0.0483,1
"1070","RPLP1","OK","groupNormal",0.2043449,0.0489753,4.1724,3.49e-05,1
"1071","ISLR2","OK","groupNormal",-0.6268978,0.3136235,-1.9989,0.0461,1
"1072","SIN3A","OK","groupNormal",0.5217249,0.2568654,2.0311,0.0427,1
"1073","ARNT2","OK","groupNormal",1.821008,0.6586785,2.7646,0.00588,1
"1074","STARD5","OK","groupNormal",-1.82965,0.8373905,-2.1849,0.0293,1
"1075","PDE8A","OK","groupNormal",-0.4827002,0.1913434,-2.5227,0.0119,1
"1076","AKAP13","OK","groupNormal",0.4547142,0.1533219,2.9657,0.00315,1
"1077","HAPLN3","OK","groupNormal",-0.5549085,0.2645079,-2.0979,0.0364,1
"1078","IGF1R","OK","groupNormal",1.238403,0.5395301,2.2953,0.0221,1
"1079","SYNM","OK","groupNormal",-0.5330848,0.214351,-2.487,0.0132,1
"1080","LYSMD4","OK","groupNormal",-2.522797,1.063384,-2.3724,0.018,1
"1081","WASH4P","OK","groupNormal",0.7668474,0.3049932,2.5143,0.0122,1
"1082","MRPL28","OK","groupNormal",-0.5768874,0.2748154,-2.0992,0.0362,1
"1083","TMEM204","OK","groupNormal",-0.4439486,0.1074568,-4.1314,4.15e-05,1
"1084","RPS2","OK","groupNormal",0.1890409,0.060037,3.1487,0.00173,1
"1085","SLC9A3R2","OK","groupNormal",-0.1933573,0.058275,-3.318,0.000965,1
"1086","SRRM2","OK","groupNormal",-0.1609783,0.080723,-1.9942,0.0466,1
"1087","TNFRSF12A","OK","groupNormal",1.75039,0.7092579,2.4679,0.0139,1
"1088","ZNF200","OK","groupNormal",2.025802,0.8307779,2.4384,0.0151,1
"1089","ZNF263","OK","groupNormal",0.92719,0.4471313,2.0736,0.0386,1
"1090","TIGD7","OK","groupNormal",-1.6755,0.8356514,-2.005,0.0454,1
"1091","ANKS3","OK","groupNormal",-1.350077,0.6079692,-2.2206,0.0268,1
"1092","ROGDI","OK","groupNormal",-1.164674,0.5740112,-2.029,0.0429,1
"1093","NAGPA","OK","groupNormal",1.774488,0.8917313,1.9899,0.0471,1
"1094","FAM86A","OK","groupNormal",-2.043224,0.7009016,-2.9151,0.0037,1
"1095","ABAT","OK","groupNormal",-1.82965,0.7732311,-2.3662,0.0183,1
"1096","CARHSP1","OK","groupNormal",0.2050162,0.1033971,1.9828,0.0479,1
"1097","RP11.27M24.3","OK","groupNormal",-1.03642,0.4052738,-2.5573,0.0108,1
"1098","RP11.27M24.1","OK","groupNormal",1.725698,0.8616373,2.0028,0.0457,1
"1099","SNN","OK","groupNormal",1.294915,0.5575242,2.3226,0.0206,1
"1100","RPS15A","OK","groupNormal",0.1210791,0.0616085,1.9653,0.0499,1
"1101","TMEM159","OK","groupNormal",-1.01872,0.4411509,-2.3092,0.0213,1
"1102","NPIPB5","OK","groupNormal",-0.5768874,0.2011531,-2.8679,0.00429,1
"1103","TAOK2","OK","groupNormal",0.4806634,0.1970425,2.4394,0.015,1
"1104","ALDOA","OK","groupNormal",0.2500752,0.0915533,2.7315,0.0065,1
"1105","C16orf98","OK","groupNormal",-0.9446122,0.4676597,-2.0199,0.0439,1
"1106","LONP2","OK","groupNormal",-0.658233,0.2162905,-3.0433,0.00245,1
"1107","BRD7","OK","groupNormal",-0.5280972,0.1794915,-2.9422,0.00339,1
"1108","MT1E","OK","groupNormal",1.18097,0.3875694,3.0471,0.00242,1
"1109","MT1M","OK","groupNormal",2.425962,0.5862402,4.1382,4.03e-05,1
"1110","MT1A","OK","groupNormal",1.168352,0.4987446,2.3426,0.0195,1
"1111","NUP93","OK","groupNormal",-1.493178,0.4341172,-3.4396,0.000625,1
"1112","CPNE2","OK","groupNormal",-0.4676881,0.209481,-2.2326,0.026,1
"1113","POLR2C","OK","groupNormal",-0.6290731,0.2067272,-3.043,0.00245,1
"1114","GPR56","OK","groupNormal",0.341141,0.1217782,2.8013,0.00526,1
"1115","KIFC3","OK","groupNormal",-0.6855212,0.2302307,-2.9775,0.00303,1
"1116","LINC00920","OK","groupNormal",-1.270034,0.6069559,-2.0925,0.0368,1
"1117","CTCF","OK","groupNormal",-0.5411693,0.2321601,-2.331,0.0201,1
"1118","SNTB2","OK","groupNormal",-0.3341567,0.1622538,-2.0595,0.0399,1
"1119","NQO1","OK","groupNormal",-0.638131,0.187793,-3.3981,0.000726,1
"1120","PHLPP2","OK","groupNormal",-1.963182,0.8201145,-2.3938,0.017,1
"1121","TMEM170A","OK","groupNormal",-0.517464,0.248746,-2.0803,0.0379,1
"1122","MON1B","OK","groupNormal",0.9021887,0.3340962,2.7004,0.00713,1
"1123","X7SK.2","OK","groupNormal",0.2548967,0.0944296,2.6993,0.0072,1
"1124","OSGIN1","OK","groupNormal",1.502554,0.7343018,2.0462,0.0412,1
"1125","CYBA","OK","groupNormal",0.3855927,0.1392587,2.7689,0.00581,1
"1126","APRT","OK","groupNormal",-0.5546642,0.1896181,-2.9252,0.00358,1
"1127","DEF8","OK","groupNormal",1.351004,0.497785,2.714,0.00685,1
"1128","RPH3AL","OK","groupNormal",1.077671,0.2772752,3.8866,0.000114,1
"1129","GLOD4","OK","groupNormal",-0.688113,0.3236864,-2.1259,0.0339,1
"1130","NXN","OK","groupNormal",-0.7649396,0.3399616,-2.2501,0.0248,1
"1131","RTN4RL1","OK","groupNormal",-1.532399,0.6692731,-2.2896,0.0224,1
"1132","ZZEF1","OK","groupNormal",0.6900602,0.2999829,2.3003,0.0218,1
"1133","PSMB6","OK","groupNormal",-0.3190583,0.15601,-2.0451,0.0413,1
"1134","SPAG7","OK","groupNormal",-0.5959356,0.2793938,-2.133,0.0334,1
"1135","XAF1","OK","groupNormal",-0.5099479,0.1568498,-3.2512,0.00122,1
"1136","CD68","OK","groupNormal",-1.365345,0.6460306,-2.1134,0.035,1
"1137","PER1","OK","groupNormal",0.3841694,0.160518,2.3933,0.017,1
"1138","RPL26","OK","groupNormal",0.1705825,0.0613089,2.7823,0.00558,1
"1139","SNORD3A","OK","groupNormal",1.790236,0.750248,2.3862,0.0174,1
"1140","EPN2","OK","groupNormal",0.4163644,0.2026309,2.0548,0.0404,1
"1141","USP22","OK","groupNormal",0.5405934,0.2317281,2.3329,0.02,1
"1142","KSR1","OK","groupNormal",1.102755,0.4292509,2.569,0.0105,1
"1143","TRAF4","OK","groupNormal",1.404114,0.704193,1.9939,0.0466,1
"1144","ERAL1","OK","groupNormal",-1.324102,0.6080235,-2.1777,0.0298,1
"1145","CCL2","OK","groupNormal",-0.5627027,0.2466874,-2.281,0.0229,1
"1146","SLFN12","OK","groupNormal",-1.205496,0.4178237,-2.8852,0.00406,1
"1147","CCL23","OK","groupNormal",2.06217,0.751976,2.7423,0.00629,1
"1148","AATF","OK","groupNormal",0.850229,0.4305602,1.9747,0.0488,1
"1149","RPL23","OK","groupNormal",0.1620693,0.0643681,2.5179,0.0121,1
"1150","RPL19","OK","groupNormal",0.1862023,0.0560609,3.3214,0.000953,1
"1151","CDK12","OK","groupNormal",-0.4014387,0.1957111,-2.0512,0.0407,1
"1152","CSF3","OK","groupNormal",1.315677,0.4341148,3.0307,0.00255,1
"1153","THRA","OK","groupNormal",1.279411,0.624258,2.0495,0.0409,1
"1154","IGFBP4","OK","groupNormal",0.1254389,0.0498535,2.5161,0.0121,1
"1155","KRT27","OK","groupNormal",-2.879472,1.0779479,-2.6713,0.00777,1
"1156","TMEM99","OK","groupNormal",-1.136503,0.4322296,-2.6294,0.00879,1
"1157","EIF1","OK","groupNormal",0.1752087,0.0487703,3.5925,0.000356,1
"1158","KAT2A","OK","groupNormal",-0.9823525,0.3862427,-2.5434,0.0112,1
"1159","RAMP2","OK","groupNormal",-0.3707222,0.0896664,-4.1345,4.1e-05,1
"1160","AOC3","OK","groupNormal",-2.656329,1.1463639,-2.3172,0.0208,1
"1161","RPL27","OK","groupNormal",0.1533636,0.0736231,2.0831,0.0377,1
"1162","DHX8","OK","groupNormal",0.9429384,0.4792365,1.9676,0.0496,1
"1163","SOST","OK","groupNormal",-1.424185,0.5229885,-2.7232,0.00666,1
"1164","CD300LG","OK","groupNormal",1.369023,0.6048105,2.2636,0.024,1
"1165","ASB16.AS1","OK","groupNormal",-2.186325,1.091581,-2.0029,0.0457,1
"1166","UBTF","OK","groupNormal",-0.5768874,0.2236923,-2.5789,0.0102,1
"1167","GJC1","OK","groupNormal",-1.00767,0.4597992,-2.1915,0.0288,1
"1168","ARL17A","OK","groupNormal",1.988062,0.9733021,2.0426,0.0416,1
"1169","ABI3","OK","groupNormal",-0.6569301,0.2697427,-2.4354,0.0152,1
"1170","ITGA3","OK","groupNormal",-0.9823525,0.3653646,-2.6887,0.00738,1
"1171","TOB1","OK","groupNormal",-0.3600796,0.1541662,-2.3357,0.0199,1
"1172","MMD","OK","groupNormal",1.588076,0.5581315,2.8453,0.0046,1
"1173","PCTP","OK","groupNormal",1.177132,0.4765743,2.47,0.0138,1
"1174","DGKE","OK","groupNormal",-0.3624775,0.1761422,-2.0579,0.0401,1
"1175","TRIM37","OK","groupNormal",-2.043224,0.6503261,-3.1418,0.00177,1
"1176","PRR11","OK","groupNormal",-1.87617,0.7446311,-2.5196,0.012,1
"1177","CA4","OK","groupNormal",0.2434728,0.0586208,4.1534,3.78e-05,1
"1178","METTL2A","OK","groupNormal",-1.403566,0.5728114,-2.4503,0.0146,1
"1179","ACE","OK","groupNormal",-1.493178,0.6660558,-2.2418,0.0254,1
"1180","CD79B","OK","groupNormal",-0.9023098,0.3151762,-2.8629,0.00435,1
"1181","POLG2","OK","groupNormal",-0.4828584,0.1988283,-2.4285,0.0155,1
"1182","PRKCA","OK","groupNormal",0.8300263,0.3555503,2.3345,0.0199,1
"1183","ARSG","OK","groupNormal",0.7883536,0.3977275,1.9821,0.0479,1
"1184","SLC16A6","OK","groupNormal",1.010078,0.2940161,3.4355,0.000635,1
"1185","AC079210.1","OK","groupNormal",-1.557717,0.5581562,-2.7908,0.00543,1
"1186","KCNJ2","OK","groupNormal",1.502554,0.5494966,2.7344,0.00644,1
"1187","RPL38","OK","groupNormal",0.2637243,0.0649513,4.0603,5.59e-05,1
"1188","GGA3","OK","groupNormal",-0.9023098,0.4348533,-2.075,0.0384,1
"1189","CASKIN2","OK","groupNormal",-0.3008624,0.1185985,-2.5368,0.0115,1
"1190","H3F3B","OK","groupNormal",0.1104515,0.0491096,2.2491,0.0249,1
"1191","UBALD2","OK","groupNormal",0.3692563,0.171326,2.1553,0.0316,1
"1192","SEC14L1","OK","groupNormal",0.1647447,0.0682854,2.4126,0.0162,1
"1193","SOCS3","OK","groupNormal",0.3073849,0.0816625,3.7641,0.000185,1
"1194","CBX4","OK","groupNormal",0.5019223,0.242019,2.0739,0.0385,1
"1195","MRPL12","OK","groupNormal",1.052353,0.5298874,1.986,0.0475,1
"1196","ARHGDIA","OK","groupNormal",0.3045694,0.1294929,2.352,0.019,1
"1197","SLC16A3","OK","groupNormal",0.6481388,0.1962139,3.3032,0.00102,1
"1198","AP005530.2","OK","groupNormal",1.392553,0.6245465,2.2297,0.0262,1
"1199","METTL4","OK","groupNormal",-1.00767,0.3942691,-2.5558,0.0109,1
"1200","SMCHD1","OK","groupNormal",-0.5768874,0.1629709,-3.5398,0.000433,1
"1201","PTPRM","OK","groupNormal",0.2560217,0.1186266,2.1582,0.0313,1
"1202","LDLRAD4","OK","groupNormal",-0.7679426,0.3659405,-2.0985,0.0363,1
"1203","ROCK1","OK","groupNormal",-0.2614484,0.1234274,-2.1182,0.0346,1
"1204","MIB1","OK","groupNormal",-0.4476756,0.2095771,-2.1361,0.0331,1
"1205","NPC1","OK","groupNormal",0.8007489,0.2692606,2.9739,0.00307,1
"1206","RPL17","OK","groupNormal",0.6716651,0.1689407,3.9757,7.92e-05,1
"1207","CCDC68","OK","groupNormal",-0.3784364,0.1456022,-2.5991,0.00959,1
"1208","ATP8B1","OK","groupNormal",-0.4073281,0.163946,-2.4845,0.0133,1
"1209","ZNF407","OK","groupNormal",-0.6435787,0.3078426,-2.0906,0.037,1
"1210","SLC52A3","OK","groupNormal",-1.740038,0.6196557,-2.8081,0.00516,1
"1211","SDCBP2","OK","groupNormal",0.8700316,0.3664875,2.374,0.0179,1
"1212","CDC25B","OK","groupNormal",-0.7060991,0.3195216,-2.2099,0.0275,1
"1213","AP5S1","OK","groupNormal",-1.424185,0.5943959,-2.396,0.0169,1
"1214","TMEM230","OK","groupNormal",-0.4294346,0.1676869,-2.5609,0.0107,1
"1215","BMP2","OK","groupNormal",0.8939644,0.323783,2.761,0.00595,1
"1216","PLCB1","OK","groupNormal",-0.835749,0.2611414,-3.2004,0.00145,1
"1217","JAG1","OK","groupNormal",-0.5162628,0.1489529,-3.4659,0.000568,1
"1218","BFSP1","OK","groupNormal",-1.164674,0.5717823,-2.0369,0.0421,1
"1219","SNX5","OK","groupNormal",-0.7898094,0.206309,-3.8283,0.000143,1
"1220","RIN2","OK","groupNormal",-0.3797193,0.1890757,-2.0083,0.0451,1
"1221","CRNKL1","OK","groupNormal",0.8444983,0.4067915,2.076,0.0383,1
"1222","THBD","OK","groupNormal",-0.2392449,0.101502,-2.357,0.0188,1
"1223","CD93","OK","groupNormal",0.4051547,0.1307986,3.0975,0.00205,1
"1224","CST3","OK","groupNormal",-0.2925442,0.1054903,-2.7732,0.0057,1
"1225","CHMP4B","OK","groupNormal",0.6947441,0.228076,3.0461,0.00243,1
"1226","AHCY","OK","groupNormal",1.404114,0.7048345,1.9921,0.0468,1
"1227","MAP1LC3A","OK","groupNormal",-0.5768874,0.2623377,-2.199,0.0283,1
"1228","GSS","OK","groupNormal",-0.7881965,0.380868,-2.0695,0.039,1
"1229","SCAND1","OK","groupNormal",0.3919657,0.1891781,2.0719,0.0387,1
"1230","PLCG1","OK","groupNormal",-0.510638,0.204996,-2.491,0.013,1
"1231","LPIN3","OK","groupNormal",-1.087713,0.4801031,-2.2656,0.0239,1
"1232","SRSF6","OK","groupNormal",0.3721932,0.1855578,2.0058,0.0454,1
"1233","PCIF1","OK","groupNormal",1.758487,0.7258431,2.4227,0.0157,1
"1234","SULF2","OK","groupNormal",0.438919,0.1074404,4.0852,5.04e-05,1
"1235","ZFAS1","OK","groupNormal",0.3428457,0.1292561,2.6525,0.00821,1
"1236","B4GALT5","OK","groupNormal",0.5522616,0.2028494,2.7225,0.00668,1
"1237","UBE2V1","OK","groupNormal",1.620337,0.6363825,2.5462,0.0112,1
"1238","PTPN1","OK","groupNormal",0.6758756,0.1926357,3.5086,0.000486,1
"1239","TSHZ2","OK","groupNormal",-1.729567,0.6202137,-2.7887,0.00547,1
"1240","CTSZ","OK","groupNormal",-0.6139286,0.1732454,-3.5437,0.000427,1
"1241","LAMA5","OK","groupNormal",0.488249,0.1644302,2.9693,0.00311,1
"1242","RPS21","OK","groupNormal",0.2400852,0.068723,3.4935,0.000514,1
"1243","PPDPF","OK","groupNormal",0.2863658,0.1149371,2.4915,0.013,1
"1244","DNAJC5","OK","groupNormal",1.06534,0.3691228,2.8861,0.00405,1
"1245","C2CD4C","OK","groupNormal",0.7060286,0.3014042,2.3425,0.0195,1
"1246","SHC2","OK","groupNormal",0.3946887,0.1597784,2.4702,0.0138,1
"1247","PALM","OK","groupNormal",0.4329294,0.1970427,2.1971,0.0284,1
"1248","C19orf24","OK","groupNormal",-0.8645694,0.4005824,-2.1583,0.0313,1
"1249","RPS15","OK","groupNormal",0.1320082,0.0536431,2.4609,0.0142,1
"1250","UQCR11.1","OK","groupNormal",0.2779012,0.1296264,2.1439,0.0325,1
"1251","ABHD17A","OK","groupNormal",-0.3086234,0.1313195,-2.3502,0.0191,1
"1252","BTBD2","OK","groupNormal",-1.107516,0.5483962,-2.0196,0.0439,1
"1253","AP3D1","OK","groupNormal",-0.6443287,0.2810454,-2.2926,0.0222,1
"1254","TBXA2R","OK","groupNormal",-0.6281807,0.3101275,-2.0256,0.0433,1
"1255","DAPK3","OK","groupNormal",0.998649,0.3712313,2.6901,0.00735,1
"1256","EEF2","OK","groupNormal",0.2497912,0.0930979,2.6831,0.0075,1
"1257","SIRT6","OK","groupNormal",2.131163,0.9081326,2.3468,0.0193,1
"1258","SH3GL1","OK","groupNormal",-0.5343278,0.1881027,-2.8406,0.00466,1
"1259","HDGFRP2","OK","groupNormal",-0.7047207,0.3581356,-1.9677,0.0496,1
"1260","PLIN5","OK","groupNormal",1.620337,0.5639414,2.8732,0.00421,1
"1261","RPL36","OK","groupNormal",0.1316956,0.0542718,2.4266,0.0156,1
"1262","RANBP3","OK","groupNormal",-1.227475,0.4435126,-2.7676,0.00583,1
"1263","TRIP10","OK","groupNormal",0.5217249,0.2626393,1.9865,0.0475,1
"1264","PET100","OK","groupNormal",0.5217249,0.2367145,2.204,0.0279,1
"1265","CERS4","OK","groupNormal",1.850861,0.8429557,2.1957,0.0285,1
"1266","CD320","OK","groupNormal",-0.8054218,0.1957721,-4.1141,4.46e-05,1
"1267","RPS28","OK","groupNormal",0.1368405,0.0492962,2.7759,0.00569,1
"1268","KANK3","OK","groupNormal",0.3855445,0.1048562,3.6769,0.000259,1
"1269","ANGPTL4","OK","groupNormal",0.3706847,0.1479891,2.5048,0.0125,1
"1270","MARCH2","OK","groupNormal",0.92719,0.22724,4.0802,5.14e-05,1
"1271","HNRNPM","OK","groupNormal",0.260841,0.1194357,2.1839,0.0294,1
"1272","DNMT1","OK","groupNormal",-0.3626328,0.1550335,-2.3391,0.0197,1
"1273","CTD.2369P2.8","OK","groupNormal",1.238403,0.4570815,2.7094,0.00694,1
"1274","CDC37","OK","groupNormal",0.2042286,0.0964928,2.1165,0.0347,1
"1275","CDKN2D","OK","groupNormal",0.9784833,0.3329415,2.9389,0.00343,1
"1276","SLC44A2","OK","groupNormal",-0.3238909,0.1378188,-2.3501,0.0191,1
"1277","RGL3","OK","groupNormal",1.369023,0.660394,2.073,0.0386,1
"1278","WDR83","OK","groupNormal",-0.8645694,0.4255508,-2.0316,0.0427,1
"1279","LYL1","OK","groupNormal",-0.8870423,0.2541828,-3.4898,0.000521,1
"1280","MIR24.2","OK","groupNormal",0.4202555,0.2100366,2.0009,0.0459,1
"1281","SYDE1","OK","groupNormal",1.214872,0.5672176,2.1418,0.0326,1
"1282","F2RL3","OK","groupNormal",0.8353825,0.3774005,2.2135,0.0273,1
"1283","OCEL1","OK","groupNormal",-1.205496,0.5377347,-2.2418,0.0254,1
"1284","NR2F6","OK","groupNormal",0.7265193,0.3012488,2.4117,0.0162,1
"1285","PLVAP","OK","groupNormal",-0.1430787,0.0683031,-2.0948,0.0366,1
"1286","CTD.2521M24.8","OK","groupNormal",-1.6755,0.8140438,-2.0582,0.04,1
"1287","UNC13A","OK","groupNormal",-1.387817,0.6418908,-2.1621,0.031,1
"1288","JAK3","OK","groupNormal",1.620337,0.7858019,2.062,0.0397,1
"1289","ARRDC2","OK","groupNormal",-0.7140885,0.2189229,-3.2618,0.00117,1
"1290","KIAA1683","OK","groupNormal",-0.5186185,0.2528564,-2.051,0.0407,1
"1291","JUND","OK","groupNormal",0.2428718,0.0622086,3.9042,0.000106,1
"1292","SSBP4","OK","groupNormal",-0.5451387,0.1921201,-2.8375,0.00471,1
"1293","UBA52","OK","groupNormal",0.17333,0.0734724,2.3591,0.0187,1
"1294","C19orf60","OK","groupNormal",-0.5228202,0.1855902,-2.8171,0.00502,1
"1295","GATAD2A","OK","groupNormal",-0.4189843,0.1858515,-2.2544,0.0246,1
"1296","ZNF486","OK","groupNormal",-2.186325,1.030348,-2.1219,0.0343,1
"1297","ZNF430","OK","groupNormal",0.9491689,0.4749004,1.9987,0.0461,1
"1298","ZNF91","OK","groupNormal",0.8634742,0.3666176,2.3552,0.0188,1
"1299","URI1","OK","groupNormal",-0.519729,0.23939,-2.1711,0.0303,1
"1300","TSHZ3","OK","groupNormal",-1.6755,0.6872159,-2.4381,0.0151,1
"1301","ANKRD27","OK","groupNormal",-1.115884,0.5368068,-2.0787,0.0381,1
"1302","CEBPA","OK","groupNormal",1.134829,0.3860645,2.9395,0.00342,1
"1303","CEBPG","OK","groupNormal",0.6208158,0.1964024,3.1609,0.00166,1
"1304","KMT2B","OK","groupNormal",0.8894497,0.4117449,2.1602,0.0312,1
"1305","CAPNS1","OK","groupNormal",0.2209304,0.1121504,1.9699,0.0493,1
"1306","CTD.2540F13.2","OK","groupNormal",-2.656329,1.101201,-2.4122,0.0162,1
"1307","NFKBIB","OK","groupNormal",1.315677,0.3940868,3.3385,0.000897,1
"1308","FBXO17","OK","groupNormal",-0.9397929,0.4753688,-1.977,0.0485,1
"1309","ZFP36","OK","groupNormal",0.1936465,0.0696708,2.7794,0.00563,1
"1310","RPS16","OK","groupNormal",0.1806252,0.0644207,2.8038,0.00522,1
"1311","ITPKC","OK","groupNormal",0.6758756,0.220931,3.0592,0.00232,1
"1312","SNRPA","OK","groupNormal",0.8284552,0.3937678,2.1039,0.0358,1
"1313","EGLN2","OK","groupNormal",-0.4913652,0.2282687,-2.1526,0.0318,1
"1314","EXOSC5","OK","groupNormal",-2.522797,1.1174231,-2.2577,0.0243,1
"1315","RPS19","OK","groupNormal",0.227983,0.0560304,4.0689,5.39e-05,1
"1316","ZNF226","OK","groupNormal",-0.8000309,0.3811815,-2.0988,0.0363,1
"1317","BCAM","OK","groupNormal",-0.3057346,0.0790129,-3.8694,0.000122,1
"1318","PVRL2","OK","groupNormal",0.217568,0.1098138,1.9812,0.048,1
"1319","RELB","OK","groupNormal",0.6314238,0.2933956,2.1521,0.0318,1
"1320","EXOC3L2","OK","groupNormal",-0.305497,0.0935809,-3.2645,0.0012,1
"1321","CD3EAP","OK","groupNormal",-1.107516,0.4385151,-2.5256,0.0118,1
"1322","VASP","OK","groupNormal",-0.5078945,0.1768135,-2.8725,0.00422,1
"1323","OPA3","OK","groupNormal",1.638686,0.6112469,2.6809,0.00756,1
"1324","SNRPD2","OK","groupNormal",0.4098766,0.1906551,2.1498,0.032,1
"1325","TMEM160","OK","groupNormal",0.5437038,0.2745537,1.9803,0.0481,1
"1326","ZC3H4","OK","groupNormal",1.214872,0.4332052,2.8044,0.00521,1
"1327","GLTSCR1","OK","groupNormal",-1.452356,0.5411941,-2.6836,0.0075,1
"1328","RPL18","OK","groupNormal",0.1495535,0.0589311,2.5378,0.0114,1
"1329","BAX","OK","groupNormal",-0.415957,0.2079478,-2.0003,0.0459,1
"1330","RUVBL2","OK","groupNormal",1.470805,0.6092394,2.4142,0.0161,1
"1331","TRPM4","OK","groupNormal",0.8421968,0.3544292,2.3762,0.0178,1
"1332","RPL13A","OK","groupNormal",0.1612835,0.0482166,3.345,0.000877,1
"1333","ZNF350","OK","groupNormal",2.418845,1.072285,2.2558,0.0245,1
"1334","ZNF160","OK","groupNormal",1.145879,0.3038033,3.7718,0.000179,1
"1335","MYADM","OK","groupNormal",0.529447,0.2244664,2.3587,0.0187,1
"1336","NDUFA3","OK","groupNormal",-0.3647129,0.1534772,-2.3763,0.0178,1
"1337","TFPT","OK","groupNormal",-0.8425905,0.3249077,-2.5933,0.00975,1
"1338","MBOAT7","OK","groupNormal",1.157714,0.5036219,2.2988,0.0219,1
"1339","RPS9","OK","groupNormal",0.1515279,0.0592929,2.5556,0.0109,1
"1340","ZNF544","OK","groupNormal",-0.9446122,0.4786922,-1.9733,0.0489,1
"1341","RPS5","OK","groupNormal",0.2025623,0.0783074,2.5868,0.00994,1
"1342","ZNF324","OK","groupNormal",2.131163,1.003691,2.1233,0.0342,1
"1343","IL17RA","OK","groupNormal",0.9186063,0.4025714,2.2818,0.0229,1
"1344","CLDN5","OK","groupNormal",0.4202024,0.1177468,3.5687,4e-04,1
"1345","TXNRD2","OK","groupNormal",-1.424185,0.5733714,-2.4839,0.0133,1
"1346","SDF2L1","OK","groupNormal",0.4957494,0.2373278,2.0889,0.0372,1
"1347","PPM1F","OK","groupNormal",0.7913885,0.2918856,2.7113,0.0069,1
"1348","MIF","OK","groupNormal",0.4886641,0.1570697,3.1111,0.00196,1
"1349","SELM","OK","groupNormal",0.3728016,0.1327308,2.8087,0.00515,1
"1350","TIMP3","OK","groupNormal",0.1241525,0.0421841,2.9431,0.00338,1
"1351","CSF2RB","OK","groupNormal",-1.441885,0.5928271,-2.4322,0.0153,1
"1352","TST","OK","groupNormal",-0.7679426,0.3814566,-2.0132,0.0446,1
"1353","NOL12","OK","groupNormal",-0.8791682,0.3748992,-2.3451,0.0194,1
"1354","POLR2F","OK","groupNormal",-0.688113,0.2143873,-3.2097,0.0014,1
"1355","MAFF","OK","groupNormal",-0.3200328,0.1185823,-2.6988,0.00717,1
"1356","CBX6","OK","groupNormal",1.821008,0.5228172,3.4831,0.000534,1
"1357","CBX7","OK","groupNormal",0.8538587,0.4186005,2.0398,0.0418,1
"1358","RPL3","OK","groupNormal",0.1773705,0.0523984,3.385,0.000761,1
"1359","TNRC6B","OK","groupNormal",0.3220116,0.1330348,2.4205,0.0158,1
"1360","ST13","OK","groupNormal",-0.4087505,0.1379273,-2.9635,0.0032,1
"1361","TOB2","OK","groupNormal",-0.3787104,0.1819228,-2.0817,0.0378,1
"1362","SMDT1","OK","groupNormal",0.3874126,0.1909067,2.0293,0.0429,1
"1363","RRP7A","OK","groupNormal",0.7280613,0.3701084,1.9672,0.0497,1
"1364","TSPO","OK","groupNormal",-0.4050371,0.1708244,-2.3711,0.0181,1
"1365","KIAA0930","OK","groupNormal",-1.212876,0.5230751,-2.3187,0.0208,1
"1366","ATXN10","OK","groupNormal",-0.5768874,0.2560661,-2.2529,0.0246,1
"1367","CERK","OK","groupNormal",0.9892001,0.2365918,4.181,3.36e-05,1
"1368","TBC1D22A","OK","groupNormal",0.7642866,0.368962,2.0715,0.0388,1
"1369","C22orf34","OK","groupNormal",1.850861,0.8295476,2.2312,0.0261,1
"1370","BRD1","OK","groupNormal",0.7936586,0.3476319,2.283,0.0228,1
"1371","PIM3","OK","groupNormal",0.4733771,0.1276693,3.7078,0.00023,1
"1372","TYMP","OK","groupNormal",0.407966,0.182126,2.24,0.0255,1
"1373","SHANK3","OK","groupNormal",0.240013,0.1032672,2.3242,0.0205,1
"1374","SAMSN1","OK","groupNormal",1.247662,0.5609321,2.2243,0.0265,1
"1375","NRIP1","OK","groupNormal",0.2537896,0.1091662,2.3248,0.0204,1
"1376","BTG3","OK","groupNormal",0.450629,0.2156832,2.0893,0.0371,1
"1377","JAM2","OK","groupNormal",-0.2235638,0.0869393,-2.5715,0.01038,1
"1378","ADAMTS1","OK","groupNormal",0.2489844,0.1197473,2.0792,0.038,1
"1379","BACH1","OK","groupNormal",-0.3317649,0.1673988,-1.9819,0.048,1
"1380","TIAM1","OK","groupNormal",-1.541968,0.6003916,-2.5683,0.0105,1
"1381","C21orf59","OK","groupNormal",-0.5934167,0.2218568,-2.6748,0.00769,1
"1382","TMEM50B","OK","groupNormal",-0.4021704,0.1492761,-2.6941,0.00727,1
"1383","ETS2","OK","groupNormal",-0.1534685,0.0651249,-2.3565,0.0188,1
"1384","ABCG1","OK","groupNormal",0.5285046,0.1966238,2.6879,0.0074,1
"1385","PKNOX1","OK","groupNormal",0.9870882,0.4635819,2.1293,0.0337,1
"1386","CSTB","OK","groupNormal",-0.3755629,0.1316015,-2.8538,0.00448,1
"1387","UBE2G2","OK","groupNormal",-0.3580082,0.1706004,-2.0985,0.0363,1
"1388","PTTG1IP","OK","groupNormal",-0.2384994,0.0824708,-2.8919,0.00398,1
"1389","ADARB1","OK","groupNormal",-1.071584,0.3155601,-3.3958,0.000732,1
"1390","COL18A1","OK","groupNormal",0.2290923,0.095237,2.4055,0.0165,1
"1391","COL6A2","OK","groupNormal",1.620337,0.8079236,2.0056,0.0454,1
"1392","PRMT2","OK","groupNormal",-0.489876,0.1809037,-2.7079,0.00697,1
"1393","MT.ND1","OK","groupNormal",0.2098016,0.0516196,4.0644,5.49e-05,1
"1394","MT.ND2","OK","groupNormal",0.1445593,0.0580935,2.4884,0.0131,1
"1395","MT.CO2","OK","groupNormal",0.1330057,0.0481288,2.7635,0.0059,1
"1396","MT.ATP6","OK","groupNormal",0.1258951,0.047881,2.6293,0.00879,1
"1397","MT.ND3","OK","groupNormal",0.1669706,0.0500937,3.3332,0.000915,1
"1398","MT.CYB","OK","groupNormal",0.1387664,0.0484649,2.8632,0.00435,1
