,排名,公司,价值.亿元.,主业,董事长,总部
1,1,阿里巴巴,38100,电子商务,张勇,浙江杭州
2,2,腾讯控股,28500,互联网服务,马化腾,广东深圳
3,3,中国平安保险,15000,金融,马明哲,广东深圳
4,4,华为投资控股,12000,电信解决方案、智能手机,梁华,广东深圳
5,5,蚂蚁金服,10000,金融科技,井贤栋,浙江杭州
6,6,美团点评,5500,生活服务,王兴,北京
7,7,字节跳动,5300,传媒和娱乐,张一鸣,北京
8,8,恒瑞医药,3800,医药,孙飘扬,江苏连云港
9,9,美的集团,3770,家电制造,何享健,广东佛山
10,10,滴滴出行,3600,共享出行,程维,北京
11,11,格力电器,3470,家电,董明珠,广东珠海
12,12,京东集团,3320,电子商务,刘强东,北京
13,13,海康威视,2950,视频监控产品,陈宗年,浙江杭州
14,14,拼多多,2930,电子商务,黄峥,上海
15,15,百度,2890,网络信息服务,李彦宏,北京
16,15,海天调味食品,2890,调味品,庞康,广东佛山
17,17,网易,2825,互联网技术,丁磊,浙江杭州
18,18,陆金所,2700,金融科技,计葵生,上海
19,19,中国民生银行,2600,银行,洪崎,北京
20,20,中国恒大集团,2210,房地产、投资,许家印,广东深圳
21,21,迈瑞生物医疗电子,2185,医疗器械,李西廷,广东深圳
22,22,泰康保险,2150,保险,陈东升,北京
23,23,碧桂园控股,2140,房地产,杨国强,广东佛山
24,24,小米集团,1940,智能手机、智能家电,雷军,北京
25,25,宁德时代,1930,锂电池,曾毓群,福建宁德
26,26,牧原食品,1900,畜牧,秦英林,河南南阳
27,26,温氏食品集团,1900,家禽养殖、动物保健,温志芬,广东云浮
28,28,立讯精密工业,1820,电脑连接线,王来春,广东深圳
29,29,安踏,1800,体育用品,丁世忠,福建厦门
30,30,伊利实业集团,1780,食品饮料,潘刚,内蒙古呼和浩特
31,31,好未来,1760,教育,张邦鑫,北京
32,32,龙湖集团,1720,房地产,吴亚军,北京
33,33,顺丰控股,1675,快递,王卫,广东深圳
34,34,海底捞,1570,餐饮,张勇,北京
35,35,融创中国控股,1530,房地产,孙宏斌,天津
36,36,微众银行,1500,金融科技,顾敏,广东深圳
37,37,扬子江药业集团,1450,医药,徐镜人,江苏泰州
38,38,药明康德,1430,生物医药,李革,上海
39,39,三六零安全科技,1400,网络信息服务,周鸿祎,北京
40,40,三一集团,1390,重型机械,梁稳根,北京
41,40,申洲国际,1390,纺织、服装,马建荣,浙江宁波
42,42,携程,1360,互联网旅游服务,梁建章,上海
43,43,京东数科,1330,金融,陈生强,北京
44,43,新东方教育科技集团,1330,教育,俞敏洪,北京
45,45,OPPO,1300,智能手机,陈明永,广东东莞
46,45,恒力集团,1300,化纤、石化、房地产,陈建华,江苏苏州
47,47,万达集团,1290,房地产、文化、投资,王健林,北京
48,48,爱尔眼科医院集团,1250,医疗服务,陈邦,湖南长沙
49,49,新奥集团,1240,天然气、能源化工,王玉锁,河北廊坊
50,50,VIVO,1200,智能手机,沈炜,广东东莞
51,50,翰森制药,1200,医药,钟慧娟,江苏连云港
52,50,吉利控股集团,1200,汽车制造,李书福,浙江杭州
53,50,快手科技,1200,传媒和娱乐,宿华,北京
54,50,太平洋建设,1200,基础建设,严昊,新疆乌鲁木齐
55,55,中通快递,1170,物流,赖梅松,上海
56,56,中国生物制药,1140,生物医药,谢其润,北京
57,57,中公教育科技,1130,教育,李永新,北京
58,58,比亚迪,1090,汽车、充电电池,王传福,广东深圳
59,59,韦尔股份,1080,半导体,虞仁荣,上海
60,60,双汇,1060,食品加工,万隆,河南郑州
61,61,海尔智家,1050,家用电器,梁海山,山东青岛
62,62,药明生物,1030,生物医药,李革,上海
63,63,大疆创新科技,1000,机器人,汪滔,广东深圳
64,63,石药集团,1000,医药,蔡东晨,河北石家庄
65,63,万向集团,1000,汽车制造业、房地产、农业,鲁伟鼎,浙江杭州
66,63,闻泰科技,1000,软件,张学政,浙江嘉兴
67,67,爱奇艺,970,在线娱乐服务,龚宇,北京
68,68,正威国际集团,950,有色金属,王文银,广东深圳
69,69,东方财富,930,金融数据服务,其实,上海
70,70,苏宁易购,920,零售,张近东,江苏南京
71,71,广汇集团,900,汽车销售、能源、房地产,孙广信,新疆乌鲁木齐
72,71,西安隆基,900,硅材料,李振国,陕西西安
73,73,汇顶科技,885,芯片设计、软件开发,张帆,广东深圳
74,74,新希望集团,870,农业、化工、金融,刘永好,四川成都
75,75,百济神州,850,生物医药,欧雷强,北京
76,76,华夏幸福,840,房地产,王文学,北京
77,76,世茂集团,840,房地产,许荣茂,上海
78,78,分众传媒,820,广告新媒体,江南春,上海
79,79,复星国际,810,投资,郭广昌,上海
80,80,海南航空,800,航空运输,陈峰,海南海口
81,80,荣盛控股,800,化纤,李水荣,浙江杭州
82,82,洛阳钼业,770,钼矿,李朝春,河南洛阳
83,83,魏桥创业集团,750,纺织,张波,山东滨州
84,84,科大讯飞,730,软件和信息技术服务业,刘庆峰,安徽合肥
85,84,长城汽车,730,汽车,魏建军,河北保定
86,86,领益智造,720,消费电子精密件,曾芳勤,广东深圳
87,87,永辉超市,710,超市零售,张轩松,福建福州
88,87,智飞生物,710,疫苗,蒋仁生,重庆
89,89,华住集团,705,连锁酒店,季琦,上海
90,90,宝丰能源集团,700,煤化工,党彦宝,宁夏银川
91,90,东方希望集团,700,氧化铝、重化工、饲料,刘永行,上海
92,90,华彬集团,700,饮料,严彬,北京
93,90,用友网络科技,700,应用软件开发,王文京,北京
94,94,三安集团,680,LED,林秀成,福建厦门
95,95,达利食品,655,食品,许世辉,福建泉州
96,96,58同城,650,生活服务,姚劲波,北京
97,96,韵达控股,650,物流,聂腾云,上海
98,98,南山集团,640,铝业、纺织、房地产,宋作文,山东烟台
99,99,歌尔股份,630,声学及多媒体产品,姜滨,山东潍坊
100,100,碧桂园服务控股,620,物业管理,杨惠妍,广东佛山
101,100,卓越集团,620,房地产,李华,广东深圳
102,102,通威集团,610,农业、新能源,刘汉元,四川成都
103,103,贝壳找房,600,房地产科技,左晖,天津
104,103,车好多,600,汽车交易,杨浩涌,北京
105,103,娃哈哈,600,饮料,宗庆后,浙江杭州
106,103,正泰集团,600,工业电器、投资,南存辉,浙江温州
107,107,唯品会信息科技,595,电子商务,沈亚,广东广州
108,108,红星美凯龙控股集团,580,家具连锁,车建兴,上海
109,108,美年大健康产业集团,580,医疗服务,俞熔,上海
110,108,世纪华通,580,汽车零部件制造,王苗通,浙江绍兴
111,108,中国飞鹤,580,婴幼儿配方奶粉,冷友斌,北京
112,112,乐普医疗器械,575,医疗器械,蒲忠杰,北京
113,113,汽车之家,570,汽车消费与服务,陆敏,北京
114,113,瑞声科技,570,声学科技,潘政民,广东深圳
115,113,中升集团,570,汽车销售,黄毅,北京
116,116,龙光地产控股,565,房地产,纪海鹏,广东深圳
117,117,世纪金源,560,房地产、投资,黄如论,北京
118,117,视源电子科技,560,消费电子、商业电子,王毅然,广东广州
119,117,苏宁金服,560,金融科技,张近东,上海
120,120,福耀玻璃,550,玻璃,曹德旺,福建福州
121,120,海尔电器集团,550,家用电器,周云杰,山东青岛
122,120,恒安集团,550,个人护理用品,施文博,福建泉州
123,120,沙钢集团,550,钢铁,沈文荣,江苏苏州
124,120,阳光龙净集团,550,房地产、投资,林腾蛟,福建福州
125,125,金地集团,540,房地产,凌克,广东深圳
126,125,陌陌,540,社交软件,唐岩,北京
127,127,蓝思科技,530,电子器件制造,周群飞,湖南长沙
128,127,兆易创新,530,闪存芯片,朱一明,北京
129,129,TCL集团,520,半导体、金融服务,李东生,广东惠州
130,129,李宁,520,体育用品,李宁,北京
131,131,大华技术,510,软件、电子通讯产品,傅利泉,浙江杭州
132,132,方大集团,500,炭素、钢铁、煤焦,方威,北京
133,132,富华国际,500,房地产、紫檀博物馆,陈丽华,北京
134,132,瑞幸咖啡,500,饮品连锁,钱治亚,福建厦门
135,135,东旭集团,490,电子科技,李兆廷,北京
136,135,康泰生物制品,490,生物医药,杜伟民,广东深圳
137,135,美菜网,490,生活服务,刘传军,北京
138,135,商汤科技,490,人工智能,汤晓鸥,北京
139,135,滔搏运动,490,服饰,盛百椒,上海
140,135,同花顺,490,金融数据服务,易峥,浙江杭州
141,141,海大集团,485,饲料,薛华,广东广州
142,142,恒逸集团,480,化纤,邱建林,浙江杭州
143,143,大族激光科技产业集团,470,系统解决方案,高云峰,广东深圳
144,143,华兰生物,470,生物医药,安康,河南新乡
145,143,泰格医药,470,医药,叶小平,浙江杭州
146,143,颐海国际,470,食品配料,施永宏,北京
147,147,深信服科技,465,解决方案,何朝曦,广东深圳
148,147,沃森生物,465,生物制药,李云春,云南昆明
149,149,三七互娱,460,网络游戏,吴绪顺,安徽芜湖
150,149,新和成,460,医药,胡柏藩,浙江绍兴
151,151,神州优车,455,共享出行,陆正耀,北京
152,152,海亮集团,450,铜加工、投资,冯海良,浙江绍兴
153,152,三花控股,450,工业设备、汽车零部件、房地产,张道才,浙江绍兴
154,152,完美世界,450,网游、影视娱乐,池宇峰,北京
155,152,信发集团,450,铝电,张刚,山东聊城
156,156,汇川技术,440,电力电子,朱兴明,广东深圳
157,156,新城控股,440,房地产,王晓松,上海
158,158,阳光保险集团,435,保险金融,张维功,广东深圳
159,159,安图生物,430,基因检测,苗拥军,河南郑州
160,159,龙盛控股,430,化工、钢铁,阮伟祥,浙江绍兴
161,159,亿纬锂能,430,锂电池,刘金成,广东惠州
162,162,晨光文具,420,文具用品制造,陈湖文,上海
163,162,海澜集团,420,服装、投资,周建平,江苏无锡
164,162,满帮集团,420,物流,王刚,贵州贵阳
165,162,欧派家居集团,420,橱柜,姚良松,广东广州
166,166,亿联网络,415,通信,陈智松,福建厦门
167,167,盛虹集团,410,印染、化纤、房地产,缪汉根,江苏苏州
168,167,卓胜微电子,410,集成电路,许志翰,江苏无锡
169,169,旭辉集团,405,房地产,林中,上海
170,170,杭州宋城集团,400,旅游、房地产,黄巧灵,浙江杭州
171,170,协鑫集团,400,太阳能芯片、发电厂,朱共山,江苏苏州
172,170,新湖集团,400,房地产、金融,黄伟,浙江杭州
173,170,雪松控股集团,400,大宗商品供应链、化工新材料,张劲,广东广州
174,174,雅居乐集团,390,房地产,陈卓林,广东广州
175,175,恒立液压,385,高压油缸,汪立平,江苏常州
176,175,华熙生物科技,385,生物医药,赵燕,北京
177,175,威高集团,385,医疗器械,陈学利,山东威海
178,175,微医,385,健康科技,廖杰远,浙江杭州
179,175,中长石基信息技术,385,应用软件开发,李仲初,北京
180,180,哔哩哔哩,380,视频弹幕网站,陈睿,上海
181,180,富力地产,380,房地产,李思廉,广东广州
182,180,信维通信,380,射频元件,彭浩,广东深圳
183,183,荣盛控股,375,房地产,耿建明,河北廊坊
184,184,51job,370,在线招聘,王韬,上海
185,184,春秋航空,370,航空运输,王煜,上海
186,184,广联达,370,应用软件开发,刁志中,北京
187,184,正荣集团,370,房地产,欧宗荣,上海
188,184,亨通集团,370,电缆,崔根良,江苏苏州
189,189,波司登,360,服装,高德康,江苏苏州
190,189,东方雨虹,360,防水材料,李卫国,北京
191,189,欢聚时代集团,360,语音软件、游戏,李学凌,广东深圳
192,189,居然之家,360,家居建材,汪林朋,北京
193,189,巨人网络,360,在线游戏,史玉柱,上海
194,189,康龙化成,360,生物医药,楼柏良,北京
195,189,上海莱士,360,生物制药,陈杰,上海
196,189,武汉当代科技,360,产业投资,艾路明,湖北武汉
197,189,正邦集团,360,饲料、养殖,林印孙,江西南昌
198,189,中炬高新技术实业集团,360,调味品、房地产,陈琳,广东中山
199,189,众安保险,360,互联网保险,欧亚平,上海
200,200,嘉晨控股集团,355,钢铁、耐火材料、煤化工,孙寿宽,辽宁营口
201,201,金科投资控股集团,350,房地产,黄红云,重庆
202,201,康弘药业,350,制药,柯尊洪,四川成都
203,201,蓝光投资控股集团,350,房地产,杨铿,四川成都
204,201,联影医疗,350,医疗器械,薛敏,上海
205,201,信义光能,350,能源,李贤义,安徽芜湖
206,201,优必选科技,350,机器人,周剑,广东深圳
207,201,圆通速递,350,物流,喻会蛟,上海
208,208,富德生命人寿保险,340,金融、房地产,张峻,广东深圳
209,208,华林证券,340,金融、投资,林立,广东深圳
210,208,济民可信,340,医药,李义海,江西南昌
211,208,玖龙纸业,340,环保造纸,张茵,广东东莞
212,208,联想控股,340,电脑与电子产品,柳传志,北京
213,208,美锦能源,340,煤炭,姚俊良,山西太原
214,208,欧菲光集团,340,电子元件,蔡荣军,广东深圳
215,208,天齐锂业,340,矿,蒋卫平,四川遂宁
216,216,赣锋锂业,335,新能源材料,李良彬,江西新余
217,216,科伦药业,335,制药、医药流通,刘革新,四川成都
218,216,雅戈尔,335,服装、房地产、投资,李如成,浙江宁波
219,216,长峰房地产,335,房地产,童锦泉,上海
220,220,恩捷新材料,330,包装盒生产,李晓明,云南玉溪
221,220,华友钴业,330,有色金属,陈雪华,浙江嘉兴
222,220,三环集团,330,电子元器件,张万镇,广东潮州
223,220,天茂集团,330,投资,刘益谦,上海
224,220,通策医疗,330,医疗器械,吕建明,浙江杭州
225,220,先导智能,330,新能源设备,王燕清,江苏无锡
226,220,祥祺集团,330,投资、房地产,陈红天,广东深圳
227,220,信义玻璃,330,玻璃,李贤义,广东深圳
228,228,柔宇科技,325,消费品,刘自鸿,广东深圳
229,229,赫基国际集团,320,服装,徐宇,广东广州
230,229,口子窖,320,白酒,徐进,安徽淮北
231,229,天士力医药集团,320,医药,闫凯境,天津
232,229,中国宏桥集团,320,铝业,张波,山东滨州
233,233,VIPKID,315,教育,米雯娟,北京
234,233,泰邦生物,315,生物医药,周凡,北京
235,233,中际旭创,315,电子设备制造,王伟修,山东烟台
236,233,自如,315,房地产科技,左晖,北京
237,237,步长集团,310,医药,赵涛,北京
238,237,传化集团,310,化工、农业、投资,徐冠巨,浙江杭州
239,237,传音控股,310,手机通讯,竺兆江,广东深圳
240,237,东山精密,310,精密铸件,袁富根,江苏苏州
241,237,俊发集团,310,房地产,李文斌,云南昆明
242,237,信达生物,310,医药,俞德超,江苏苏州
243,237,养元智汇饮品,310,饮料,姚奎章,河北衡水
244,237,宇通客车,310,汽车制造,汤玉祥,河南郑州
245,245,璞泰来新能源科技,305,锂电池材料,梁丰,上海
246,246,比特大陆,300,区块链,吴忌寒,北京
247,246,观澜湖集团,300,房地产,朱鼎健,广东深圳
248,246,杰瑞石油服务集团,300,机械设备,孙伟杰,山东烟台
249,246,纳思达,300,打印设备芯片,汪东颖,广东珠海
250,246,威马汽车,300,新能源汽车,沈晖,上海
251,246,星河控股集团,300,房地产、投资,黄楚龙,广东深圳
252,246,中南建设集团,300,房地产,陈锦石,江苏南通
253,252,光环新网科技,295,电信运营,耿殿根,北京
254,252,圣农集团,295,农业,傅光明,福建南平
255,254,跟谁学,290,教育,陈向东,北京
256,254,光线传媒,290,文化传媒,王长田,北京
257,254,健帆生物科技集团,290,生物医药和医疗器械,董凡,广东珠海
258,254,益丰大药房,290,医药零售,高毅,湖南长沙
259,258,东华软件,285,软件和信息系统,薛向东,北京
260,258,建龙重工集团,285,钢铁、矿业、船运,张志祥,北京
261,258,凯莱英医药集团,285,医药,洪浩,天津
262,258,桃李面包,285,食品,吴学亮,辽宁沈阳
263,258,中国东方教育,285,教育,吴俊保,安徽合肥
264,263,旷视科技,280,人工智能,印奇,北京
265,263,老板电器,280,家用电器,任建华,浙江杭州
266,263,启明星辰信息技术集团,280,网络安全,王佳,北京
267,263,申通快递,280,快递,陈德军,上海
268,263,小鹏汽车科技,280,新能源汽车,何小鹏,广东广州
269,268,联美集团,275,公共事业、房地产,苏壮强,辽宁沈阳
270,269,贝达药业,270,医药,丁列明,浙江杭州
271,269,大参林医药集团,270,医药,柯云峰,广东广州
272,269,东宝实业  ,270,医药,李佳鸿,吉林通化
273,269,东阳光科技控股,270,氟化工、新能源,张寓帅,广东东莞
274,269,健友生化制药,270,原料药,唐咏群,江苏南京
275,269,绝味食品,270,食品,戴文军,湖南长沙
276,269,南极电商,270,服装,张玉祥,上海
277,269,欣旺达电子,270,电池、充电器,王威,广东深圳
278,269,中国奥园集团,270,房地产,郭梓文,广东广州
279,278,龙蟒佰利联集团,265,钛白粉,许刚,河南焦作
280,279,富源集团,260,房地产、水电、新能源,缪寿良,广东深圳
281,279,景旺电子,260,线路板,刘绍柏,广东深圳
282,279,君正集团,260,化工,杜江涛,内蒙古乌海
283,279,三生制药,260,医药,娄竞,辽宁沈阳
284,279,时代中国控股,260,房地产,岑钊雄,广东广州
285,284,合盛集团,255,化工,罗立国,浙江宁波
286,284,九州通医药集团,255,医药流通,刘宝林,湖北武汉
287,284,森马服饰,255,服装,邱光和,浙江温州
288,287,多益网络科技,250,网络游戏,唐忆鲁,广东广州
289,287,鄂尔多斯投资控股集团,250,能源、投资,王林祥,内蒙古鄂尔多斯
290,287,海天国际,250,注塑机,张静章,浙江宁波
291,287,横店集团,250,影视文化、电气电子、医药健康,徐永安,浙江金华
292,287,华海药业,250,医药,李宏,浙江台州
293,287,康哲药业控股,250,医疗数据服务,林刚,广东深圳
294,287,美亚光电技术,250,光电设备,田明,安徽合肥
295,287,千方科技,250,软件和信息系统,夏曙东,北京
296,287,丸美生物技术,250,化妆品,孙怀庆,广东广州
297,287,卫宁健康,250,医疗数据服务,周炜,上海
298,287,修正药业,250,医药,修涞贵,吉林长春
299,287,中天科技,250,电缆,薛济萍,江苏南通
300,287,作业帮,250,教育,侯建彬,北京
301,300,玲珑轮胎,245,橡胶,王锋,山东烟台
302,300,知乎,245,传媒和娱乐,周源,北京
303,302,碧水源,240,环保工程,文剑平,北京
304,302,大博医疗,240,医疗器械,林志雄,福建厦门
305,302,大搜车,240,电子商务,姚军红,北京
306,302,稻花香,240,白酒,蔡宏柱,湖北宜昌
307,302,格兰仕集团,240,家电,梁庆德,广东佛山
308,302,华大基因,240,基因检测,汪建,广东深圳
309,302,京基集团,240,房地产,陈华,广东深圳
310,302,前海人寿保险,240,保险金融,张金顺,广东深圳
311,302,青山控股,240,钢铁,项秉雪,浙江温州
312,302,日照钢铁,240,钢铁,杜双华,山东日照
313,302,融侨集团,240,房地产,林宏修,福建福州
314,302,特变电工,240,能源装备,张新,新疆昌吉
315,302,我武生物,240,医药,胡赓熙,浙江湖州
316,302,新华联集团,240,房地产、矿业、投资,傅军,北京
317,315,顾家家居,235,家具,顾江生,浙江杭州
318,315,隆基泰和,235,房地产、建筑,魏少军,北京
319,315,苏宁体育,235,传媒和娱乐,张近东,江苏南京
320,315,太阳纸业,235,造纸,李洪信,山东济宁
321,315,桐昆集团,235,化纤、房地产,陈士良,浙江嘉兴
322,315,亿利控股,235,清洁能源,王文彪,北京
323,321,杭州锦江集团,230,能源、化工,钭正刚,浙江杭州
324,321,金蝶国际软件集团,230,应用软件开发,徐少春,广东深圳
325,321,均瑶集团,230,房地产、航空、零售,王均金,上海
326,321,立华牧业,230,畜禽养殖,程立力,江苏常州
327,321,奇安信,230,网络安全,齐向东,北京
328,321,汤臣倍健,230,保健品,梁允超,广东珠海
329,321,万达控股,230,轮胎、电缆、化工、地产开发,尚吉永,山东东营
330,321,万得资讯,230,金融数据服务,陆风,上海
331,321,万丰奥特控股,230,智能制造、投资,陈爱莲,浙江绍兴
332,321,星宇股份,230,汽车灯具,周晓萍,江苏常州
333,321,越秀地产,230,房地产,林昭远,广东广州
334,321,云从科技集团,230,人工智能,周曦,广东广州
335,321,中国联塑集团,230,塑料管道及管件,黄联禧,广东佛山
336,334,鼎力机械,225,机械制造,许树根,浙江湖州
337,334,华测检测认证集团,225,第三方检测服务,万峰,广东深圳
338,334,华泽集团,225,酒业、零售,吴向东,北京
339,334,维信诺,225,电子器件制造,程涛,江苏苏州
340,338,泛海控股,220,房地产,卢志强,北京
341,338,华强集团,220,投资,张恒春,广东深圳
342,338,金域医学检验集团,220,医疗数据服务,梁耀铭,广东广州
343,338,三只松鼠,220,食品加工,章燎源,安徽合肥
344,338,圣邦微电子,220,电子通信,张世龙,北京
345,343,海普瑞药业集团,215,医药,李锂,广东深圳
346,344,东方集团,215,能源、零售、投资,张宏伟,北京
347,344,福斯特,215,光伏材料,林建华,浙江杭州
348,344,国盛金融控股集团,215,金融,杜力,广东深圳
349,344,宏发科技,215,电子器件制造,郭满金,湖北武汉
350,344,金山软件,215,软件服务,雷军,北京
351,344,金螳螂,215,建筑,朱兴良,江苏苏州
352,344,网宿科技,215,云计算,刘成彦,上海
353,344,中天金融集团,215,房地产、金融,罗玉平,贵州贵阳
354,352,安信信托,210,信托,邵明安,上海
355,352,渤海租赁,210,设备租赁,卓逸群,新疆乌鲁木齐
356,352,地平线机器人,210,人工智能,余凯,北京
357,352,国瓷材料,210,陶瓷,张曦,山东东营
358,352,海丰国际控股,210,海运,杨绍鹏,上海
359,352,吉比特,210,网络游戏,卢竑岩,福建厦门
360,352,金宇生物,210,兽用生物制品,张翀宇,内蒙古呼和浩特
361,352,美的置业控股,210,房地产,郝恒乐,广东佛山
362,352,南微医学,210,医疗设备,隆晓辉,江苏南京
363,352,荣民,210,房地产,史贵禄,陕西西安
364,352,伊泰集团,210,能源,张东海,内蒙古鄂尔多斯
365,352,裕同包装科技,210,包装,王华君,广东深圳
366,364,伟明环保,205,垃圾发电,项光明,浙江温州
367,364,协信控股,205,房地产、金融,吴旭,重庆
368,364,重庆华宇集团,205,房地产,蒋业华,重庆
369,367,大地影院,200,数字影院,刘荣,广东深圳
370,367,度小满金融,200,金融科技,朱光,北京
371,367,汉鼎宇佑,200,文化传媒、投资,王麒诚,浙江杭州
372,367,华峰集团,200,化工、铝业、投资,尤小平,浙江温州
373,367,汇通达,200,电子商务,徐秀贤,江苏南京
374,367,健合（H&H）国际控股,200,婴儿健康,罗飞,广东广州
375,367,晶晨半导体,200,半导体,钟培峰,上海
376,367,均胜投资,200,汽车零部件制造,王剑峰,浙江宁波
377,367,跨越速运,200,物流,胡海建,北京
378,367,老百姓药房,200,医药零售,谢子龙,湖南长沙
379,367,每日优鲜,200,电子商务,徐正,北京
380,367,欧普康视,200,医疗器械,陶悦群,安徽合肥
381,367,欧普照明,200,照明设备制造,王耀海,上海
382,367,奇点汽车,200,新能源汽车,沈海寅,北京
383,367,泰禾集团,200,房地产、金融、医疗,黄其森,福建福州
384,367,喜马拉雅FM,200,传媒和娱乐,余建军,上海
385,367,香江控股,200,房地产、金融,翟美卿,广东深圳
386,367,小红书,200,社交、电子商务,毛文超,上海
387,367,一下科技,200,传媒和娱乐,韩坤,北京
388,367,易果生鲜,200,生活服务,金光磊,上海
389,367,游侠汽车,200,新能源汽车,卫俊,上海
390,367,鱼跃医疗,200,医疗设备,吴光明,江苏镇江
391,389,光威复合材料,195,化工,陈亮,山东威海
392,389,茂业国际控股,195,房地产,黄茂如,广东深圳
393,389,敏华控股,195,休闲沙发,黄敏利,广东惠州
394,389,万利达,195,电子信息产品,吴凯庭,福建漳州
395,389,中梁控股,195,房地产,杨剑,上海
396,394,健康元药业集团,190,保健品,朱保国,广东深圳
397,395,华宇软件,190,信息化解决方案,邵学,北京
398,395,科博达,190,汽车电子产品,柯桂华,上海
399,395,拉卡拉,190,互联网服务,孙陶然,北京
400,395,士兰微,190,游戏,陈向东,浙江杭州
401,395,顺络电子,190,新型电子元件,袁金钰,广东深圳
402,395,伟星集团,190,服装辅料、管材,章卡鹏,浙江台州
403,395,信立泰药业,190,生物医药,叶澄海,广东深圳
404,395,猿辅导,190,教育,李勇,北京
405,395,中国天瑞水泥,190,水泥,李留法,河南平顶山
406,395,中教控股,190,教育,于果、谢可滔,江西赣州
407,405,大北农,185,饲料,邵根伙,北京
408,405,高德电气,185,电子器件制造,黄立,湖北武汉
409,405,济川药业,185,医药,曹龙祥,江苏泰兴
410,405,南洋天融信科技集团,185,电线电缆,郑钟南,广东汕头
411,405,万达信息,185,智慧城市,史一兵,上海
412,410,君实生物,180,生物医药,熊俊,上海
413,410,康美药业,180,医药,马兴田,广东揭阳
414,410,绫致时装,180,服装,王沛德、Dan Frris,北京
415,410,苏宁置业,180,房地产,张近东,江苏南京
416,410,天味食品,180,食品,邓文,四川成都
417,410,优客工场,180,共享办公,毛大庆,北京
418,410,中科创达软件,180,智能平台技术,赵鸿飞,北京
419,416,二三四五,175,计算机系统开发,陈于冰,上海
420,416,寒锐钴业,175,金属,梁建坤,江苏南京
421,416,晶盛机电,175,机电设备,曹建伟,浙江绍兴
422,416,杉杉集团,175,服装、锂、投资,郑永刚,上海
423,416,远大控股,175,医药,胡凯军,北京
424,421,宝龙集团,170,房地产,许健康,上海
425,421,宝尊电商,170,生活服务,仇文彬,上海
426,421,斗鱼,170,软件服务,陈少杰,湖北武汉
427,421,格林美,170,电子废弃物循环利用,许开华,广东深圳
428,421,国美控股,170,零售、投资,张大中,北京
429,421,佳兆业集团,170,房地产,郭英成,广东深圳
430,421,景嘉微,170,电子器件制造,曾万辉,湖南长沙
431,421,九阳股份,170,小家电,王旭宁,上海
432,421,绿叶制药,170,医药,刘殿波,山东烟台
433,421,珀莱雅,170,化妆品,侯军呈,浙江杭州
434,421,普利制药,170,医药,范敏华,海南海口
435,421,新浪,170,门户网站、娱乐,曹国伟,北京
436,421,亿帆鑫富,170,医药,程先锋,浙江杭州
437,421,禹洲地产,170,房地产,林龙安,福建厦门
438,421,中顺洁柔纸业,170,生活用纸,邓颖忠,广东中山
439,421,准时达,170,物流,杨秋瑾,四川成都
440,437,福莱特,165,玻璃,阮洪良,浙江嘉兴
441,437,康恩贝,165,医药,胡季强,浙江杭州
442,437,昆仑万维科技,165,社交媒体和内容平台,周亚辉,北京
443,437,洽洽食品,165,食品加工,陈先保,安徽合肥
444,437,研祥高科技控股集团,165,特种计算机,陈志列,广东深圳
445,437,益生股份,165,养殖、饲料,曹积生,山东烟台
446,443,安科生物,160,生物工程,宋礼华,安徽合肥
447,443,博纳影业,160,传媒和娱乐,于冬,北京
448,443,方太集团,160,厨具,茅忠群,浙江宁波
449,443,飞科电器,160,小家电,李丐腾,上海
450,443,海能达通信,160,专业无线通讯,陈清州,广东深圳
451,443,寒武纪科技,160,人工智能,陈天石,北京
452,443,虹软科技,160,视觉技术,邓晖,浙江杭州
453,443,华天科技,160,半导体,肖胜利,甘肃天水
454,443,金发科技,160,塑料,袁志敏,广东广州
455,443,金证股份,160,应用软件开发,赵剑,广东深圳
456,443,劲嘉集团,160,高端包装印刷,乔鲁予,广东深圳
457,443,利亚德光电,160,LED,李军,北京
458,443,明阳智慧能源集团,160,风力发电机装备,张传卫,广东中山
459,443,木林森,160,LED,孙焕清,广东中山
460,443,索菲亚家居,160,家具,江淦钧,广东广州
461,443,特锐德电气,160,电力设备制造,于德翔,山东青岛
462,443,万孚生物技术,160,医疗数据服务,王继华,广东广州
463,443,卫星石化,160,化工,杨卫东,浙江嘉兴
464,443,卧龙控股,160,电气设备、房地产,陈建成,浙江绍兴
465,443,迎驾贡酒,160,白酒,倪永培,安徽六安
466,443,再鼎医药,160,生物医药,杜莹,上海
467,443,中国天楹,160,垃圾发电,严圣军,江苏南通
468,465,双鸽集团,155,医药、投资,李仙玉,浙江台州
469,465,新大陆,155,电脑,胡钢,福建福州
470,465,张裕,155,酒,周洪江,山东烟台
471,468,APUS,150,应用软件开发,李涛,北京
472,468,爱回收,150,电子产品回收平台,陈雪峰,上海
473,468,拜腾汽车,150,新能源汽车,戴雷,江苏南京
474,468,灿星文化传媒,150,传媒和娱乐,田明,上海
475,468,车和家,150,新能源汽车,李想,北京
476,468,高济医疗,150,医疗服务,易诺青,北京
477,468,海尔金控,150,金融,谭丽霞,山东青岛
478,468,豪迈科技,150,机械制造,张恭运,山东高密
479,468,合生创展集团,150,房地产,朱孟依,广东广州
480,468,和润集团,150,房地产、船舶制造及运输,虞松波,浙江舟山
481,468,佳都新太科技,150,人工智能,刘伟,广东广州
482,468,金力永磁,150,磁性材料,蔡报贵,江西南昌
483,468,岚桥工贸,150,石油加工、木材加工、贸易,叶成,山东日照
484,468,乐信集团,150,消费金融,肖文杰,广东深圳
485,468,连连数字科技,150,金融科技,章征宇,浙江杭州
486,468,迈克生物,150,医疗器械,唐勇,四川成都
487,468,名创优品,150,新零售,叶国富,广东广州
488,468,三棵树,150,涂料,洪杰,福建莆田
489,468,山鹰纸业,150,造纸,吴明武,上海
490,468,腾邦国际商业服务集团,150,旅游、投资,钟百胜,广东深圳
491,468,天邦股份,150,饲料、养殖,张邦辉,上海
492,468,五星控股,150,家居连锁、婴孕商品连锁、投资,汪建国,江苏南京
493,468,雾芯科技,150,电子烟,汪莹,广东深圳
494,468,西子联合控股,150,电梯、锅炉、房地产,王水福,浙江杭州
495,468,心里程,150,教育、房地产,彭国远,广东深圳
496,468,新潮传媒,150,传媒和娱乐,张继学,四川成都
497,468,阳光电源,150,新能源电源设备,曹仁贤,安徽合肥
498,468,依图科技,150,人工智能,朱珑,上海
499,468,掌趣科技,150,传媒和娱乐,刘惠城,北京
500,468,中庚集团,150,房地产,梁衍峰,福建福州
501,498,玖富,140,金融服务,孙雷,北京
502,498,马蜂窝,140,电子商务,陈罡,北京
503,498,融信集团,140,房地产,欧宗洪,上海
504,498,胜华电缆,140,电缆,张胜飞,上海
505,498,星河湾实业发展,140,房地产、投资,黄文仔,广东广州
506,498,宇华教育,140,教育,李光宇,河南郑州
507,498,月星集团,140,家具连锁,丁佐宏,上海
508,498,长隆集团,140,旅游,苏志刚,广东广州
509,498,珠江投资,140,房地产,朱孟依,广东广州
