"","Term","Ont","N","DE","P.DE"
"1","localization","BP",5919,97,6.16788491217423e-07
"2","regulation of locomotion","BP",1012,28,2.90021863762231e-06
"3","system development","BP",4726,79,5.91032234936169e-06
"4","regulation of cell motility","BP",934,26,6.02000268407442e-06
"5","regulation of cell migration","BP",887,25,7.4241606333279e-06
"6","regulation of cellular component movement","BP",1020,27,9.83357553617048e-06
"7","multicellular organism development","BP",5304,84,2.17455633603928e-05
"8","morphogenesis of a branching epithelium","BP",221,11,2.27598604706226e-05
"9","regulation of multicellular organismal process","BP",3239,58,2.29684865467312e-05
"10","neurotransmitter metabolic process","BP",147,9,2.54017074973773e-05
"11","ameboidal-type cell migration","BP",406,15,2.70565719310023e-05
"12","regulation of localization","BP",2821,52,3.16103977521521e-05
"13","cell migration","BP",1441,32,4.79121170799015e-05
"14","morphogenesis of a branching structure","BP",240,11,4.83732509486885e-05
"15","positive regulation of biological process","BP",6144,92,6.74729477632412e-05
"16","anatomical structure development","BP",5810,88,7.03728189096613e-05
"17","regulation of biological quality","BP",4031,66,9.05806287719484e-05
"18","positive regulation of cellular process","BP",5438,83,9.76061368919051e-05
"19","integrin activation","BP",24,4,0.000105061871773649
"20","regulation of transcription involved in lymphatic endothelial cell fate commitment","BP",2,2,0.000108822536924611
"21","neurotransmitter biosynthetic process","BP",104,7,0.000112600671488859
"22","extracellular matrix assembly","BP",25,4,0.000124050618686594
"23","regulation of epithelial cell migration","BP",225,10,0.000137055370510993
"24","mesenchyme development","BP",272,11,0.000147150945991823
"25","cell development","BP",2393,44,0.000152922040886969
"26","developmental process","BP",6193,91,0.000156132373393919
"27","embryonic camera-type eye formation","BP",11,3,0.000175003017219197
"28","animal organ development","BP",3487,58,0.000182351697797114
"29","regulation of response to external stimulus","BP",770,20,0.000187404397152521
"30","negative regulation of locomotion","BP",331,12,0.000205345623255718
"31","cell motility","BP",1588,32,0.000283622234427568
"32","localization of cell","BP",1588,32,0.000283622234427568
"33","locomotion","BP",1809,35,0.000310654784745974
"34","lymphatic endothelial cell fate commitment","BP",3,2,0.000324210418575273
"35","transport","BP",4378,68,0.000334064824410701
"36","ion transport","BP",1554,31,0.000421385606271228
"37","regulation of integrin activation","BP",15,3,0.000467869429021554
"38","mesenchymal cell differentiation","BP",216,9,0.000472258489043623
"39","establishment of localization","BP",4518,69,0.000485110549800593
"40","positive regulation of biosynthetic process","BP",1927,36,0.000488560336467027
"41","positive regulation of tumor necrosis factor production","BP",95,6,0.000491470533802619
"42","negative regulation of cellular component movement","BP",315,11,0.000514231205822059
"43","positive regulation of tumor necrosis factor superfamily cytokine production","BP",96,6,0.000519714766469126
"44","apoptotic process","BP",1863,35,0.000532266558523547
"45","negative regulation of signaling","BP",1302,27,0.000563363777507146
"46","tube morphogenesis","BP",903,21,0.000563594442448169
"47","blood vessel development","BP",719,18,0.00060359682493819
"48","regulation of smooth muscle cell-matrix adhesion","BP",4,2,0.000643941429331729
"49","regulation of definitive erythrocyte differentiation","BP",4,2,0.000643941429331729
"50","beta-alanine metabolic process","BP",4,2,0.000643941429331729
"51","cell surface receptor signaling pathway","BP",2485,43,0.000663730216452961
"52","positive regulation of cellular biosynthetic process","BP",1887,35,0.000669541018981808
"53","metal ion homeostasis","BP",665,17,0.000677585158511042
"54","positive regulation of tumor necrosis factor biosynthetic process","BP",17,3,0.000688506678920441
"55","regulation of wound healing","BP",141,7,0.000722978337254763
"56","morphogenesis of an epithelium","BP",550,15,0.000729045644677853
"57","anatomical structure morphogenesis","BP",2728,46,0.000730974503041707
"58","tube development","BP",1120,24,0.000731981444917126
"59","epithelial cell migration","BP",280,10,0.000772539856631634
"60","negative regulation of cell motility","BP",280,10,0.000772539856631634
"61","transmembrane transport","BP",1261,26,0.000776515913508033
"62","programmed cell death","BP",1904,35,0.000784909440669617
"63","tissue morphogenesis","BP",674,17,0.000785758036703643
"64","epithelium migration","BP",282,10,0.000815627471167266
"65","regulation of transcription involved in cell fate commitment","BP",18,3,0.00081985100737112
"66","preganglionic parasympathetic fiber development","BP",18,3,0.00081985100737112
"67","positive regulation of cell motility","BP",558,15,0.000843418449242945
"68","regulation of response to stimulus","BP",3866,60,0.000855704512083264
"69","tissue migration","BP",284,10,0.000860673374001925
"70","artery development","BP",106,6,0.000877089990964669
"71","positive regulation of cytokine production","BP",445,13,0.000878697583314321
"72","regulation of anatomical structure morphogenesis","BP",1069,23,0.000894356319301312
"73","inorganic ion homeostasis","BP",746,18,0.000919994183683939
"74","vasculature development","BP",751,18,0.000992003402609237
"75","cytokine production","BP",752,18,0.00100696946218309
"76","collagen metabolic process","BP",109,6,0.00101452114237039
"77","ammonium transmembrane transport","BP",5,2,0.00106582785028095
"78","anatomical structure formation involved in morphogenesis","BP",1153,24,0.00108909855638343
"79","nervous system development","BP",2318,40,0.00110172507941271
"80","fibrinolysis","BP",20,3,0.00112783559145086
"81","positive regulation of cellular component movement","BP",575,15,0.00113774797006577
"82","tissue development","BP",1945,35,0.00113821644783502
"83","regulation of apoptotic process","BP",1510,29,0.00117375081031449
"84","negative regulation of cell communication","BP",1298,26,0.00117628905250995
"85","epithelial cell development","BP",246,9,0.00118762067336094
"86","proteolysis","BP",1656,31,0.00119400438031189
"87","cardiovascular system development","BP",764,18,0.00120217417061093
"88","cell morphogenesis","BP",1094,23,0.0012131846293234
"89","multicellular organismal process","BP",8175,109,0.0012443877769227
"90","parasympathetic nervous system development","BP",21,3,0.00130569947443306
"91","cation transport","BP",1101,23,0.00131837937808779
"92","positive regulation of peptidase activity","BP",157,7,0.00135419432776453
"93","regulation of hemostasis","BP",78,5,0.00136087280313782
"94","regulation of inflammatory response","BP",356,11,0.00138964282739412
"95","regulation of epithelial cell proliferation","BP",357,11,0.00142087782568389
"96","regulation of programmed cell death","BP",1531,29,0.00144650204357669
"97","positive regulation of locomotion","BP",590,15,0.00146530045393253
"98","regulation of tumor necrosis factor production","BP",160,7,0.00150980973733366
"99","cytokine biosynthetic process","BP",118,6,0.00152745737664055
"100","autonomic nervous system development","BP",48,4,0.00158087059162048
"101","smooth muscle cell-matrix adhesion","BP",6,2,0.001587715985494
"102","regulation of vascular wound healing","BP",6,2,0.001587715985494
"103","endocardial cushion to mesenchymal transition","BP",6,2,0.001587715985494
"104","regulation of tumor necrosis factor superfamily cytokine production","BP",162,7,0.00162106186724411
"105","positive regulation of cell migration","BP",536,14,0.00163163421124754
"106","tumor necrosis factor production","BP",163,7,0.00167902791217638
"107","biological regulation","BP",12093,150,0.00178116409611426
"108","epithelial cell proliferation","BP",424,12,0.00179331157727102
"109","movement of cell or subcellular component","BP",1998,35,0.00179711191322322
"110","cytokine metabolic process","BP",122,6,0.00181020658480835
"111","positive regulation of multicellular organismal process","BP",1924,34,0.00181582098074033
"112","negative regulation of multicellular organismal process","BP",1339,26,0.0018174047870057
"113","negative regulation of hemostasis","BP",50,4,0.00184084463412134
"114","tumor necrosis factor superfamily cytokine production","BP",166,7,0.00186264201428845
"115","cation homeostasis","BP",732,17,0.00190171657192762
"116","cellular component morphogenesis","BP",1203,24,0.00191468751287878
"117","organonitrogen compound metabolic process","BP",6215,86,0.00192005750966944
"118","regulation of neurotransmitter levels","BP",372,11,0.00196283700708158
"119","regulation of neuron migration","BP",51,4,0.00198131644564958
"120","neural crest cell development","BP",85,5,0.00199333460449467
"121","negative regulation of response to stimulus","BP",1568,29,0.00206223830644513
"122","negative regulation of cell migration","BP",267,9,0.00208142218403487
"123","regulation of cytokine production","BP",676,16,0.00212654815808892
"124","tumor necrosis factor biosynthetic process","BP",25,3,0.00218947073181407
"125","regulation of tumor necrosis factor biosynthetic process","BP",25,3,0.00218947073181407
"126","positive regulation of mononuclear cell migration","BP",25,3,0.00218947073181407
"127","endothelial cell fate commitment","BP",7,2,0.00220748569437544
"128","negative regulation of cell adhesion mediated by integrin","BP",7,2,0.00220748569437544
"129","definitive erythrocyte differentiation","BP",7,2,0.00220748569437544
"130","sulfur compound metabolic process","BP",270,9,0.0022441525839344
"131","cell differentiation","BP",4192,62,0.00228606337493287
"132","ion transmembrane transport","BP",877,19,0.00230134485074126
"133","ion homeostasis","BP",811,18,0.00230694890649096
"134","regulation of interleukin-10 production","BP",54,4,0.00244692188388245
"135","ammonium transport","BP",130,6,0.00249286520663077
"136","mesenchymal cell development","BP",90,5,0.0025607402678877
"137","stem cell development","BP",91,5,0.00268693291033726
"138","regulation of response to wounding","BP",178,7,0.00275755257666871
"139","stem cell differentiation","BP",227,8,0.00277334779903954
"140","organic acid metabolic process","BP",960,20,0.00278403510166262
"141","neural crest cell differentiation","BP",92,5,0.00281756987941059
"142","reproductive structure development","BP",449,12,0.00286601661846862
"143","positive regulation of calcium ion transport","BP",134,6,0.00289912057092274
"144","lymphatic endothelial cell differentiation","BP",8,2,0.00292304993001093
"145","regulation of extracellular matrix assembly","BP",8,2,0.00292304993001093
"146","negative regulation of response to external stimulus","BP",336,10,0.00296759685843102
"147","cell death","BP",2061,35,0.00299253947310566
"148","muscle structure development","BP",700,16,0.00299787986601257
"149","lymph vessel development","BP",28,3,0.00304746050057806
"150","embryonic camera-type eye morphogenesis","BP",28,3,0.00304746050057806
"151","branching involved in salivary gland morphogenesis","BP",28,3,0.00304746050057806
"152","reproductive system development","BP",453,12,0.00307811599840866
"153","neuromuscular process","BP",136,6,0.00311989807129421
"154","regulation of defense response","BP",639,15,0.00313422720335462
"155","interleukin-10 production","BP",58,4,0.00317771872320357
"156","regulation of macrophage activation","BP",58,4,0.00317771872320357
"157","neuron migration","BP",183,7,0.00321518448420698
"158","response to stimulus","BP",9497,121,0.00328613298510929
"159","branching morphogenesis of an epithelial tube","BP",184,7,0.00331328105633933
"160","regulation of receptor recycling","BP",29,3,0.003373084033993
"161","neural crest cell migration","BP",59,4,0.00338126447240666
"162","glutathione metabolic process","BP",59,4,0.00338126447240666
"163","regulation of response to stress","BP",1331,25,0.00342886445436586
"164","reactive oxygen species metabolic process","BP",288,9,0.00344518496278357
"165","elastic fiber assembly","BP",9,2,0.0037323542834395
"166","galactose metabolic process","BP",9,2,0.0037323542834395
"167","cellular chloride ion homeostasis","BP",9,2,0.0037323542834395
"168","vascular wound healing","BP",9,2,0.0037323542834395
"169","mesenchymal-epithelial cell signaling","BP",9,2,0.0037323542834395
"170","regulation of peptidase activity","BP",406,11,0.00382452775553809
"171","negative regulation of cellular response to growth factor stimulus","BP",142,6,0.00385778152464043
"172","positive regulation of epithelial cell migration","BP",143,6,0.00399232622997195
"173","positive regulation of macrophage activation","BP",31,3,0.00408622599420366
"174","columnar/cuboidal epithelial cell differentiation","BP",144,6,0.00413031441424934
"175","circulatory system development","BP",1138,22,0.00426189076241066
"176","aorta development","BP",63,4,0.00428410053636916
"177","neuromuscular synaptic transmission","BP",32,3,0.00447449484163693
"178","embryonic eye morphogenesis","BP",32,3,0.00447449484163693
"179","cellular polysaccharide biosynthetic process","BP",64,4,0.00453282614626669
"180","negative regulation of transforming growth factor beta receptor signaling pathway","BP",64,4,0.00453282614626669
"181","cell morphogenesis involved in differentiation","BP",798,17,0.00455985632452798
"182","positive regulation of microglial cell activation","BP",10,2,0.00463337653377772
"183","positive regulation of fatty acid beta-oxidation","BP",10,2,0.00463337653377772
"184","positive regulation of integrin activation","BP",10,2,0.00463337653377772
"185","desmosome organization","BP",10,2,0.00463337653377772
"186","imidazole-containing compound metabolic process","BP",10,2,0.00463337653377772
"187","poly-N-acetyllactosamine metabolic process","BP",10,2,0.00463337653377772
"188","poly-N-acetyllactosamine biosynthetic process","BP",10,2,0.00463337653377772
"189","positive regulation of endopeptidase activity","BP",148,6,0.00471775216572862
"190","wound healing","BP",360,10,0.00481247527170692
"191","regulation of metal ion transport","BP",419,11,0.00483073924773863
"192","metabolic process","BP",10435,130,0.00483373293746095
"193","positive regulation of cytokine secretion","BP",149,6,0.00487374579730957
"194","regulation of cellular extravasation","BP",33,3,0.00488436481219727
"195","regulation of axon extension involved in axon guidance","BP",33,3,0.00488436481219727
"196","lung epithelial cell differentiation","BP",33,3,0.00488436481219727
"197","cellular developmental process","BP",4417,63,0.00492007893080282
"198","animal organ morphogenesis","BP",1082,21,0.00496775321856034
"199","gland morphogenesis","BP",150,6,0.00503349837240237
"200","negative regulation of cellular response to transforming growth factor beta stimulus","BP",66,4,0.00505906216619731
"201","positive regulation of epithelial cell proliferation","BP",199,7,0.00507597258640317
"202","biosynthetic process","BP",5111,71,0.00513273027566979
"203","regulation of cytokine biosynthetic process","BP",106,5,0.00516281999063359
"204","regulation of reactive oxygen species metabolic process","BP",200,7,0.00521446410065897
"205","long-term synaptic depression","BP",34,3,0.00531616516291961
"206","lung cell differentiation","BP",34,3,0.00531616516291961
"207","small molecule catabolic process","BP",308,9,0.00531915763858721
"208","regulation of morphogenesis of a branching structure","BP",67,4,0.00533689644437651
"209","regulation of cell death","BP",1679,29,0.00542858900975009
"210","positive regulation of reactive oxygen species metabolic process","BP",108,5,0.00558451682042738
"211","positive regulation of monocyte chemotactic protein-1 production","BP",11,2,0.00562412620412405
"212","positive regulation of neuroinflammatory response","BP",11,2,0.00562412620412405
"213","regulation of branching involved in salivary gland morphogenesis","BP",11,2,0.00562412620412405
"214","venous blood vessel morphogenesis","BP",11,2,0.00562412620412405
"215","cellular process","BP",15749,184,0.00579399816161966
"216","regulation of leukocyte mediated cytotoxicity","BP",109,5,0.0058042281511032
"217","positive regulation of defense response","BP",371,10,0.00591401536331305
"218","negative regulation of epithelial cell migration","BP",69,4,0.00592278955819171
"219","negative regulation of cytokine production","BP",258,8,0.0059632471413866
"220","neurogenesis","BP",1768,30,0.0060189614804339
"221","inflammatory response","BP",687,15,0.00605121778768893
"222","blood coagulation","BP",156,6,0.00607389847755749
"223","blood vessel morphogenesis","BP",622,14,0.00610768553753794
"224","collagen catabolic process","BP",36,3,0.00624678638670918
"225","cofactor transport","BP",36,3,0.00624678638670918
"226","regulation of endothelial cell migration","BP",157,6,0.00626143639079431
"227","drug transport","BP",207,7,0.00626483511747233
"228","regulation of animal organ morphogenesis","BP",208,7,0.0064268731386485
"229","hemostasis","BP",158,6,0.00645315350311541
"230","negative regulation of transmembrane receptor protein serine/threonine kinase signaling pathway","BP",112,5,0.00649983406126434
"231","positive regulation of ion transport","BP",318,9,0.00651220322961785
"232","negative regulation of wound healing","BP",71,4,0.00655000970009837
"233","positive regulation of cytokine biosynthetic process","BP",71,4,0.00655000970009837
"234","positive regulation of cation transmembrane transport","BP",159,6,0.00664910206677469
"235","coagulation","BP",159,6,0.00664910206677469
"236","multicellular organismal iron ion homeostasis","BP",12,2,0.00670264412317249
"237","facial nerve development","BP",12,2,0.00670264412317249
"238","facial nerve morphogenesis","BP",12,2,0.00670264412317249
"239","prostate glandular acinus development","BP",12,2,0.00670264412317249
"240","semaphorin-plexin signaling pathway involved in axon guidance","BP",12,2,0.00670264412317249
"241","epithelial tube morphogenesis","BP",378,10,0.00671145526284479
"242","positive regulation of natural killer cell mediated immunity","BP",37,3,0.00674617936562296
"243","positive regulation of natural killer cell mediated cytotoxicity","BP",37,3,0.00674617936562296
"244","salivary gland morphogenesis","BP",37,3,0.00674617936562296
"245","axon extension involved in axon guidance","BP",37,3,0.00674617936562296
"246","neuron projection extension involved in neuron projection guidance","BP",37,3,0.00674617936562296
"247","positive regulation of macromolecule biosynthetic process","BP",1783,30,0.00675860325972265
"248","polysaccharide biosynthetic process","BP",72,4,0.00687949334956136
"249","positive regulation of proteolysis","BP",321,9,0.00690744063423569
"250","negative regulation of biological process","BP",5265,72,0.00705086201231207
"251","regulation of extrinsic apoptotic signaling pathway","BP",161,6,0.00705390205351045
"252","regulation of chemotaxis","BP",212,7,0.00710640288594194
"253","metal ion transport","BP",840,17,0.00747267752579447
"254","receptor recycling","BP",39,3,0.0078144367952271
"255","embryonic camera-type eye development","BP",39,3,0.0078144367952271
"256","positive regulation of keratinocyte migration","BP",13,2,0.00786700199246516
"257","leukotriene biosynthetic process","BP",13,2,0.00786700199246516
"258","activation of cysteine-type endopeptidase activity","BP",13,2,0.00786700199246516
"259","semaphorin-plexin signaling pathway involved in neuron projection guidance","BP",13,2,0.00786700199246516
"260","regulation of calcium ion transport","BP",271,8,0.00792309669353023
"261","cellular carbohydrate biosynthetic process","BP",75,4,0.00793318106892581
"262","negative regulation of biosynthetic process","BP",1502,26,0.00812654288142366
"263","regulation of signal transduction","BP",2762,42,0.00821536910886873
"264","extracellular matrix organization","BP",273,8,0.00826304828438721
"265","nitric oxide biosynthetic process","BP",76,4,0.00830662443031909
"266","artery morphogenesis","BP",76,4,0.00830662443031909
"267","erythrocyte development","BP",40,3,0.00838377618053298
"268","positive regulation of cellular metabolic process","BP",3176,47,0.00841726304442428
"269","regulation of endopeptidase activity","BP",332,9,0.00851594027464518
"270","regulation of blood coagulation","BP",77,4,0.00869140234639026
"271","developmental growth","BP",785,16,0.00875233399999281
"272","regulation of cysteine-type endopeptidase activity","BP",221,7,0.00882856532358047
"273","generation of neurons","BP",1665,28,0.00885833039045823
"274","reactive oxygen species biosynthetic process","BP",121,5,0.00893434231444265
"275","regulation of cell adhesion mediated by integrin","BP",41,3,0.00897688033011488
"276","microglial cell activation","BP",41,3,0.00897688033011488
"277","leukocyte activation involved in inflammatory response","BP",41,3,0.00897688033011488
"278","salivary gland development","BP",41,3,0.00897688033011488
"279","placenta development","BP",170,6,0.00909863621856227
"280","positive regulation of osteoblast proliferation","BP",14,2,0.00911530195921492
"281","negative regulation of collagen metabolic process","BP",14,2,0.00911530195921492
"282","negative regulation of collagen biosynthetic process","BP",14,2,0.00911530195921492
"283","divalent inorganic cation homeostasis","BP",522,12,0.00920355196960182
"284","regulation of biosynthetic process","BP",3526,51,0.00924961303701002
"285","negative regulation of synaptic transmission","BP",79,4,0.00949548853061332
"286","cellular ion homeostasis","BP",656,14,0.0095073917217535
"287","oxoacid metabolic process","BP",933,18,0.00956087853390008
"288","cellular modified amino acid metabolic process","BP",172,6,0.00960504445601807
"289","organic substance metabolic process","BP",9966,123,0.00978687151217305
"290","positive regulation of endocytosis","BP",173,6,0.00986564537814425
"291","nitric oxide metabolic process","BP",80,4,0.00991505314408334
"292","regulation of body fluid levels","BP",342,9,0.0102118924901922
"293","positive regulation of potassium ion transmembrane transport","BP",43,3,0.0102351667046246
"294","positive regulation of metabolic process","BP",3462,50,0.010261861165811
"295","regulation of coagulation","BP",81,4,0.0103464649558304
"296","positive regulation of ion transmembrane transport","BP",175,6,0.0104018892184642
"297","regulation of keratinocyte migration","BP",15,2,0.0104456761946293
"298","induction of positive chemotaxis","BP",15,2,0.0104456761946293
"299","gas transport","BP",15,2,0.0104456761946293
"300","intestinal epithelial cell development","BP",15,2,0.0104456761946293
"301","angiogenesis involved in wound healing","BP",15,2,0.0104456761946293
"302","positive regulation of endothelin secretion","BP",1,1,0.0104521047669796
"303","regulation of connective tissue replacement involved in inflammatory response wound healing","BP",1,1,0.0104521047669796
"304","negative regulation of connective tissue replacement involved in inflammatory response wound healing","BP",1,1,0.0104521047669796
"305","regulation of advanced glycation end-product receptor activity","BP",1,1,0.0104521047669796
"306","negative regulation of advanced glycation end-product receptor activity","BP",1,1,0.0104521047669796
"307","positive regulation of advanced glycation end-product receptor activity","BP",1,1,0.0104521047669796
"308","radial pattern formation","BP",1,1,0.0104521047669796
"309","animal organ senescence","BP",1,1,0.0104521047669796
"310","basophil differentiation","BP",1,1,0.0104521047669796
"311","respiratory basal cell differentiation","BP",1,1,0.0104521047669796
"312","smooth muscle hyperplasia","BP",1,1,0.0104521047669796
"313","positive regulation of smooth muscle cell-matrix adhesion","BP",1,1,0.0104521047669796
"314","regulation of leukotriene production involved in inflammatory response","BP",1,1,0.0104521047669796
"315","positive regulation of leukotriene production involved in inflammatory response","BP",1,1,0.0104521047669796
"316","negative regulation of vascular wound healing","BP",1,1,0.0104521047669796
"317","positive regulation of odontoblast differentiation","BP",1,1,0.0104521047669796
"318","positive regulation of epithelium regeneration","BP",1,1,0.0104521047669796
"319","hepatocyte cell migration","BP",1,1,0.0104521047669796
"320","branching involved in pancreas morphogenesis","BP",1,1,0.0104521047669796
"321","acinar cell differentiation","BP",1,1,0.0104521047669796
"322","positive regulation of forebrain neuron differentiation","BP",1,1,0.0104521047669796
"323","regulation of acinar cell proliferation","BP",1,1,0.0104521047669796
"324","positive regulation of acinar cell proliferation","BP",1,1,0.0104521047669796
"325","acinar cell proliferation","BP",1,1,0.0104521047669796
"326","neural crest cell migration involved in sympathetic nervous system development","BP",1,1,0.0104521047669796
"327","negative regulation of dopamine uptake involved in synaptic transmission","BP",1,1,0.0104521047669796
"328","negative regulation of norepinephrine uptake","BP",1,1,0.0104521047669796
"329","negative regulation of catecholamine uptake involved in synaptic transmission","BP",1,1,0.0104521047669796
"330","regulation of glutathione peroxidase activity","BP",1,1,0.0104521047669796
"331","positive regulation of glutathione peroxidase activity","BP",1,1,0.0104521047669796
"332","positive regulation of hydrogen peroxide catabolic process","BP",1,1,0.0104521047669796
"333","positive regulation of peroxidase activity","BP",1,1,0.0104521047669796
"334","TRAIL biosynthetic process","BP",1,1,0.0104521047669796
"335","regulation of TRAIL biosynthetic process","BP",1,1,0.0104521047669796
"336","positive regulation of TRAIL biosynthetic process","BP",1,1,0.0104521047669796
"337","regulation of endocardial cushion to mesenchymal transition","BP",1,1,0.0104521047669796
"338","positive regulation of endocardial cushion to mesenchymal transition","BP",1,1,0.0104521047669796
"339","regulation of endocardial cushion to mesenchymal transition involved in heart valve formation","BP",1,1,0.0104521047669796
"340","positive regulation of endocardial cushion to mesenchymal transition involved in heart valve formation","BP",1,1,0.0104521047669796
"341","plasmacytoid dendritic cell antigen processing and presentation","BP",1,1,0.0104521047669796
"342","detection of tumor cell","BP",1,1,0.0104521047669796
"343","cellular response to lipid hydroperoxide","BP",1,1,0.0104521047669796
"344","nucleus accumbens development","BP",1,1,0.0104521047669796
"345","thermosensory behavior","BP",1,1,0.0104521047669796
"346","quinolinate catabolic process","BP",1,1,0.0104521047669796
"347","detection of yeast","BP",1,1,0.0104521047669796
"348","detection of fungus","BP",1,1,0.0104521047669796
"349","negative regulation of extracellular matrix assembly","BP",1,1,0.0104521047669796
"350","coenzyme A transport","BP",1,1,0.0104521047669796
"351","coenzyme A transmembrane transport","BP",1,1,0.0104521047669796
"352","adenosine 3',5'-bisphosphate transmembrane transport","BP",1,1,0.0104521047669796
"353","AMP transport","BP",1,1,0.0104521047669796
"354","L-methylmalonyl-CoA metabolic process","BP",1,1,0.0104521047669796
"355","beta-alanine biosynthetic process","BP",1,1,0.0104521047669796
"356","beta-alanine biosynthetic process via 3-ureidopropionate","BP",1,1,0.0104521047669796
"357","beta-alanine catabolic process","BP",1,1,0.0104521047669796
"358","regulation of cardiac muscle cell myoblast differentiation","BP",1,1,0.0104521047669796
"359","negative regulation of cardiac muscle cell myoblast differentiation","BP",1,1,0.0104521047669796
"360","hypoglossal nerve development","BP",1,1,0.0104521047669796
"361","hypoglossal nerve morphogenesis","BP",1,1,0.0104521047669796
"362","glycine betaine biosynthetic process from choline","BP",1,1,0.0104521047669796
"363","glycine betaine metabolic process","BP",1,1,0.0104521047669796
"364","glycine betaine biosynthetic process","BP",1,1,0.0104521047669796
"365","NLRP1 inflammasome complex assembly","BP",1,1,0.0104521047669796
"366","gland development","BP",467,11,0.0104786301823014
"367","transition metal ion homeostasis","BP",126,5,0.0105281421999988
"368","extrinsic apoptotic signaling pathway","BP",229,7,0.0106007439076807
"369","muscle fiber development","BP",82,4,0.0107898450375457
"370","cellular biosynthetic process","BP",4925,67,0.0108417957804372
"371","branching involved in blood vessel morphogenesis","BP",44,3,0.0109007049397414
"372","central nervous system development","BP",875,17,0.010913620489747
"373","epithelium development","BP",1164,21,0.0109323951856367
"374","negative regulation of cellular process","BP",4673,64,0.0112440599124669
"375","negative regulation of signal transduction","BP",1168,21,0.0113293603714841
"376","divalent metal ion transport","BP",473,11,0.0114427551172681
"377","regulation of endothelial cell proliferation","BP",129,5,0.0115723821967471
"378","regulation of DNA binding","BP",129,5,0.0115723821967471
"379","regulation of collagen biosynthetic process","BP",45,3,0.0115907206689076
"380","regulation of axon guidance","BP",45,3,0.0115907206689076
"381","maternal process involved in female pregnancy","BP",45,3,0.0115907206689076
"382","semaphorin-plexin signaling pathway","BP",45,3,0.0115907206689076
"383","interleukin-1 beta production","BP",84,4,0.0117129799026803
"384","regulation of smooth muscle cell migration","BP",84,4,0.0117129799026803
"385","reactive nitrogen species metabolic process","BP",84,4,0.0117129799026803
"386","pyrimidine-containing compound catabolic process","BP",16,2,0.011856286477668
"387","epithelial cell maturation","BP",16,2,0.011856286477668
"388","regulation of multicellular organismal development","BP",2177,34,0.0118932814437403
"389","regulation of cell killing","BP",130,5,0.0119355628763518
"390","divalent inorganic cation transport","BP",476,11,0.011949579970163
"391","neuron apoptotic process","BP",293,8,0.0122922854388598
"392","positive regulation of interleukin-1 beta production","BP",46,3,0.0123053576007682
"393","erythrocyte differentiation","BP",131,5,0.0123064128155103
"394","positive regulation of cysteine-type endopeptidase activity","BP",131,5,0.0123064128155103
"395","iron ion homeostasis","BP",86,4,0.0126853685135244
"396","positive regulation of leukocyte mediated cytotoxicity","BP",86,4,0.0126853685135244
"397","response to external stimulus","BP",2510,38,0.0127098934735309
"398","positive regulation of epithelial to mesenchymal transition","BP",47,3,0.0130447463409747
"399","intracellular estrogen receptor signaling pathway","BP",47,3,0.0130447463409747
"400","positive regulation of nitric oxide biosynthetic process","BP",47,3,0.0130447463409747
"401","epithelial to mesenchymal transition","BP",133,5,0.0130713997505953
"402","protein processing","BP",239,7,0.0131635661590258
"403","regulation of epithelial to mesenchymal transition","BP",87,4,0.0131903048290839
"404","carboxylic acid metabolic process","BP",894,17,0.0132507347772284
"405","regulation of long-term synaptic depression","BP",17,2,0.0133453237841677
"406","negative regulation of histone acetylation","BP",17,2,0.0133453237841677
"407","positive regulation of response to tumor cell","BP",17,2,0.0133453237841677
"408","positive regulation of immune response to tumor cell","BP",17,2,0.0133453237841677
"409","cellular response to hepatocyte growth factor stimulus","BP",17,2,0.0133453237841677
"410","protein localization to microtubule","BP",17,2,0.0133453237841677
"411","positive regulation of angiogenesis","BP",185,6,0.0133966013639934
"412","carboxylic acid biosynthetic process","BP",358,9,0.0134388833555499
"413","cation transmembrane transport","BP",686,14,0.0136126045595428
"414","organic acid biosynthetic process","BP",359,9,0.0136630584325621
"415","regulation of biological process","BP",11480,138,0.0136763928889915
"416","negative regulation of response to wounding","BP",88,4,0.0137078749378948
"417","positive regulation of nitric oxide metabolic process","BP",48,3,0.013809004724265
"418","positive regulation of cell proliferation","BP",971,18,0.0139152469002502
"419","macrophage activation","BP",89,4,0.014238179495947
"420","protein maturation","BP",301,8,0.0142531737009757
"421","positive regulation of molecular function","BP",1421,24,0.0142651088595539
"422","calcium ion transport","BP",425,10,0.0144284833255395
"423","calcium ion homeostasis","BP",490,11,0.0145447921418732
"424","embryonic organ development","BP",490,11,0.0145447921418732
"425","cranial nerve development","BP",49,3,0.0145982381403173
"426","regulation of erythrocyte differentiation","BP",49,3,0.0145982381403173
"427","glial cell activation","BP",49,3,0.0145982381403173
"428","negative regulation of blood coagulation","BP",49,3,0.0145982381403173
"429","antigen processing and presentation of peptide antigen via MHC class I","BP",49,3,0.0145982381403173
"430","epithelial cell differentiation","BP",625,13,0.0148454169344069
"431","monocyte chemotactic protein-1 production","BP",18,2,0.0149110078812672
"432","regulation of monocyte chemotactic protein-1 production","BP",18,2,0.0149110078812672
"433","venous blood vessel development","BP",18,2,0.0149110078812672
"434","positive regulation of fatty acid oxidation","BP",18,2,0.0149110078812672
"435","leukotriene metabolic process","BP",18,2,0.0149110078812672
"436","cellular anion homeostasis","BP",18,2,0.0149110078812672
"437","cellular monovalent inorganic anion homeostasis","BP",18,2,0.0149110078812672
"438","positive regulation of apoptotic process","BP",627,13,0.0152032366809687
"439","regulation of cellular biosynthetic process","BP",3455,49,0.0152166031014435
"440","positive regulation of nitrogen compound metabolic process","BP",3036,44,0.0152223815118636
"441","smooth muscle cell migration","BP",91,4,0.015337379803948
"442","negative regulation of endothelial cell migration","BP",50,3,0.0154125398534787
"443","regulation of mononuclear cell migration","BP",50,3,0.0154125398534787
"444","aminoglycan biosynthetic process","BP",50,3,0.0154125398534787
"445","carbohydrate biosynthetic process","BP",191,6,0.0154578176454703
"446","striated muscle cell development","BP",191,6,0.0154578176454703
"447","small molecule metabolic process","BP",1744,28,0.0157188510029544
"448","regulation of angiogenesis","BP",307,8,0.0158667537662665
"449","regulation of developmental process","BP",2713,40,0.0159217704112378
"450","positive regulation of programmed cell death","BP",632,13,0.0161266714628143
"451","mesenchyme morphogenesis","BP",51,3,0.0162519913164681
"452","negative regulation of coagulation","BP",51,3,0.0162519913164681
"453","response to estradiol","BP",51,3,0.0162519913164681
"454","lung epithelium development","BP",51,3,0.0162519913164681
"455","defense response","BP",1594,26,0.0164213772979806
"456","leukocyte mediated cytotoxicity","BP",141,5,0.0164516775925492
"457","keratinocyte migration","BP",19,2,0.016551586927069
"458","regulation of microglial cell activation","BP",19,2,0.016551586927069
"459","positive regulation of monocyte chemotaxis","BP",19,2,0.016551586927069
"460","regulation of fatty acid beta-oxidation","BP",19,2,0.016551586927069
"461","aortic valve morphogenesis","BP",19,2,0.016551586927069
"462","cell migration in hindbrain","BP",19,2,0.016551586927069
"463","response to hepatocyte growth factor","BP",19,2,0.016551586927069
"464","platelet formation","BP",19,2,0.016551586927069
"465","cell communication","BP",6625,85,0.0167866320180096
"466","erythrocyte homeostasis","BP",142,5,0.0169113088359035
"467","positive regulation of potassium ion transport","BP",52,3,0.0171166624781495
"468","regulation of collagen metabolic process","BP",52,3,0.0171166624781495
"469","positive regulation of inflammatory response","BP",143,5,0.0173793879158286
"470","endothelial cell proliferation","BP",143,5,0.0173793879158286
"471","positive regulation of response to external stimulus","BP",313,8,0.0176086979353354
"472","regulation of proteolysis","BP",710,14,0.0177914131216577
"473","positive regulation of leukocyte migration","BP",144,5,0.0178559732935832
"474","positive regulation of immune system process","BP",1072,19,0.0178795476952575
"475","heterotypic cell-cell adhesion","BP",53,3,0.0180066120854745
"476","regulation of natural killer cell mediated cytotoxicity","BP",53,3,0.0180066120854745
"477","endothelial cell migration","BP",198,6,0.018128887941463
"478","signaling","BP",6556,84,0.0181556251393691
"479","epithelial cell fate commitment","BP",20,2,0.0182653370754711
"480","lymphangiogenesis","BP",20,2,0.0182653370754711
"481","chloride ion homeostasis","BP",20,2,0.0182653370754711
"482","positive regulation of tumor necrosis factor secretion","BP",20,2,0.0182653370754711
"483","plasma membrane tubulation","BP",20,2,0.0182653370754711
"484","platelet morphogenesis","BP",20,2,0.0182653370754711
"485","intracellular receptor signaling pathway","BP",199,6,0.0185346780561281
"486","primary metabolic process","BP",9405,115,0.0187031431801961
"487","small molecule biosynthetic process","BP",645,13,0.0187279031682471
"488","extracellular structure organization","BP",317,8,0.0188438540701324
"489","collagen biosynthetic process","BP",54,3,0.0189218879796858
"490","positive regulation of interleukin-1 production","BP",54,3,0.0189218879796858
"491","regulation of natural killer cell mediated immunity","BP",54,3,0.0189218879796858
"492","exocrine system development","BP",54,3,0.0189218879796858
"493","regulation of biomineral tissue development","BP",97,4,0.0189501581675973
"494","positive regulation of interleukin-6 production","BP",97,4,0.0189501581675973
"495","positive regulation of developmental process","BP",1537,25,0.0190473999124817
"496","developmental process involved in reproduction","BP",788,15,0.0191932153034421
"497","regulation of leukocyte migration","BP",201,6,0.0193648239871555
"498","appendage development","BP",201,6,0.0193648239871555
"499","limb development","BP",201,6,0.0193648239871555
"500","negative regulation of extrinsic apoptotic signaling pathway","BP",98,4,0.0195991138042191
"501","aminoglycan metabolic process","BP",98,4,0.0195991138042191
"502","chloride transport","BP",98,4,0.0195991138042191
"503","positive regulation of response to biotic stimulus","BP",55,3,0.0198625273868775
"504","striated muscle tissue development","BP",448,10,0.0200259616655154
"505","lymph vessel morphogenesis","BP",21,2,0.0200505620861067
"506","negative regulation of interleukin-10 production","BP",21,2,0.0200505620861067
"507","diacylglycerol metabolic process","BP",21,2,0.0200505620861067
"508","removal of superoxide radicals","BP",21,2,0.0200505620861067
"509","positive regulation of cell killing","BP",99,4,0.0202616476077108
"510","embryo development","BP",1163,20,0.020471546745927
"511","regulation of ion transport","BP",724,14,0.0206443478705894
"512","positive regulation of vasculature development","BP",204,6,0.020657048694152
"513","cellular response to transforming growth factor beta stimulus","BP",204,6,0.020657048694152
"514","norepinephrine uptake","BP",2,1,0.0207953869970345
"515","regulation of norepinephrine uptake","BP",2,1,0.0207953869970345
"516","regulation of endothelin secretion","BP",2,1,0.0207953869970345
"517","negative regulation of connective tissue replacement","BP",2,1,0.0207953869970345
"518","endothelin secretion","BP",2,1,0.0207953869970345
"519","ADP transport","BP",2,1,0.0207953869970345
"520","response to lipid hydroperoxide","BP",2,1,0.0207953869970345
"521","negative regulation of smooth muscle cell-matrix adhesion","BP",2,1,0.0207953869970345
"522","positive regulation of neuroepithelial cell differentiation","BP",2,1,0.0207953869970345
"523","oviduct epithelium development","BP",2,1,0.0207953869970345
"524","uterine epithelium development","BP",2,1,0.0207953869970345
"525","L-cysteine catabolic process to taurine","BP",2,1,0.0207953869970345
"526","regulation of odontoblast differentiation","BP",2,1,0.0207953869970345
"527","regulation of bone trabecula formation","BP",2,1,0.0207953869970345
"528","negative regulation of bone trabecula formation","BP",2,1,0.0207953869970345
"529","smooth muscle adaptation","BP",2,1,0.0207953869970345
"530","regulation of eosinophil chemotaxis","BP",2,1,0.0207953869970345
"531","positive regulation of eosinophil chemotaxis","BP",2,1,0.0207953869970345
"532","Purkinje myocyte development","BP",2,1,0.0207953869970345
"533","regulation of microtubule plus-end binding","BP",2,1,0.0207953869970345
"534","positive regulation of microtubule plus-end binding","BP",2,1,0.0207953869970345
"535","paraxial mesodermal cell differentiation","BP",2,1,0.0207953869970345
"536","paraxial mesodermal cell fate commitment","BP",2,1,0.0207953869970345
"537","glomerular endothelium development","BP",2,1,0.0207953869970345
"538","negative regulation of apoptotic process involved in outflow tract morphogenesis","BP",2,1,0.0207953869970345
"539","eosinophil fate commitment","BP",2,1,0.0207953869970345
"540","negative regulation of hepatic stellate cell activation","BP",2,1,0.0207953869970345
"541","TRAIL production","BP",2,1,0.0207953869970345
"542","regulation of TRAIL production","BP",2,1,0.0207953869970345
"543","positive regulation of TRAIL production","BP",2,1,0.0207953869970345
"544","histamine biosynthetic process","BP",2,1,0.0207953869970345
"545","intestinal epithelial cell maturation","BP",2,1,0.0207953869970345
"546","epithelial-mesenchymal signaling involved in prostate gland development","BP",2,1,0.0207953869970345
"547","cell-cell signaling involved in mammary gland development","BP",2,1,0.0207953869970345
"548","regulation of hydrogen peroxide catabolic process","BP",2,1,0.0207953869970345
"549","negative regulation of muscle hyperplasia","BP",2,1,0.0207953869970345
"550","iron chelate transport","BP",2,1,0.0207953869970345
"551","siderophore transport","BP",2,1,0.0207953869970345
"552","cerebellar granule cell precursor tangential migration","BP",2,1,0.0207953869970345
"553","negative regulation of chaperone-mediated autophagy","BP",2,1,0.0207953869970345
"554","optic placode formation","BP",2,1,0.0207953869970345
"555","optic placode formation involved in camera-type eye formation","BP",2,1,0.0207953869970345
"556","positive regulation of type B pancreatic cell proliferation","BP",2,1,0.0207953869970345
"557","negative regulation of oxidative phosphorylation uncoupler activity","BP",2,1,0.0207953869970345
"558","cytoplasmic actin-based contraction involved in cell motility","BP",2,1,0.0207953869970345
"559","negative regulation of cardioblast differentiation","BP",2,1,0.0207953869970345
"560","positive regulation of chaperone-mediated protein folding","BP",2,1,0.0207953869970345
"561","vesicle targeting, trans-Golgi to endosome","BP",2,1,0.0207953869970345
"562","vasopressin secretion","BP",2,1,0.0207953869970345
"563","negative regulation of protein glycosylation in Golgi","BP",2,1,0.0207953869970345
"564","keratan sulfate metabolic process","BP",2,1,0.0207953869970345
"565","valine catabolic process","BP",2,1,0.0207953869970345
"566","distal tubule morphogenesis","BP",2,1,0.0207953869970345
"567","sodium-independent icosanoid transport","BP",2,1,0.0207953869970345
"568","histidine biosynthetic process","BP",2,1,0.0207953869970345
"569","positive regulation of wound healing","BP",56,3,0.020828557203003
"570","positive regulation of macromolecule metabolic process","BP",3187,45,0.0214223833153442
"571","positive regulation of small molecule metabolic process","BP",151,5,0.0214349375833419
"572","regulation of interleukin-6 production","BP",151,5,0.0214349375833419
"573","muscle cell development","BP",206,6,0.0215503180381898
"574","cellular polysaccharide metabolic process","BP",101,4,0.0216277192601632
"575","negative regulation of transcription, DNA-templated","BP",1170,20,0.0216611734929666
"576","multicellular organismal movement","BP",57,3,0.0218199942734209
"577","musculoskeletal movement","BP",57,3,0.0218199942734209
"578","glandular epithelial cell differentiation","BP",57,3,0.0218199942734209
"579","response to muscle activity","BP",22,2,0.0219055929393287
"580","negative regulation of peptidyl-lysine acetylation","BP",22,2,0.0219055929393287
"581","mammary gland alveolus development","BP",22,2,0.0219055929393287
"582","mammary gland lobule development","BP",22,2,0.0219055929393287
"583","intestinal epithelial cell differentiation","BP",22,2,0.0219055929393287
"584","regulation of response to tumor cell","BP",22,2,0.0219055929393287
"585","regulation of immune response to tumor cell","BP",22,2,0.0219055929393287
"586","embryo development ending in birth or egg hatching","BP",802,15,0.0220547315002822
"587","positive regulation of cell differentiation","BP",1097,19,0.0220932076755693
"588","interleukin-1 production","BP",102,4,0.0223313845586616
"589","negative regulation of nucleic acid-templated transcription","BP",1174,20,0.0223645727360697
"590","response to transforming growth factor beta","BP",208,6,0.0224693653076323
"591","negative regulation of RNA biosynthetic process","BP",1175,20,0.022543147350906
"592","negative regulation of macromolecule biosynthetic process","BP",1407,23,0.0228494730946678
"593","regulation of reactive oxygen species biosynthetic process","BP",103,4,0.0230488829426179
"594","regulation of transforming growth factor beta receptor signaling pathway","BP",103,4,0.0230488829426179
"595","organic substance biosynthetic process","BP",5017,66,0.023125135189525
"596","chemical homeostasis","BP",1179,20,0.0232684695184294
"597","regulation of cell-substrate adhesion","BP",210,6,0.0234144806116285
"598","positive regulation of gene expression","BP",1965,30,0.0234598388741056
"599","cellular chemical homeostasis","BP",810,15,0.0238286166357587
"600","cellular response to oxygen radical","BP",23,2,0.0238287874561761
"601","cellular response to superoxide","BP",23,2,0.0238287874561761
"602","aortic valve development","BP",23,2,0.0238287874561761
"603","organic acid catabolic process","BP",211,6,0.0238969022010436
"604","carboxylic acid catabolic process","BP",211,6,0.0238969022010436
"605","regulation of cytokine secretion","BP",212,6,0.0243859458704155
"606","multicellular organism growth","BP",212,6,0.0243859458704155
"607","muscle cell migration","BP",105,4,0.0245256018672855
"608","regulation of potassium ion transport","BP",105,4,0.0245256018672855
"609","regulation of cellular response to transforming growth factor beta stimulus","BP",105,4,0.0245256018672855
"610","cellular response to growth factor stimulus","BP",600,12,0.024634537384074
"611","positive regulation of developmental growth","BP",213,6,0.0248816455535661
"612","regulation of developmental growth","BP",399,9,0.0250975352853814
"613","positive regulation of nucleobase-containing compound metabolic process","BP",1817,28,0.0253588015015807
"614","gonad development","BP",214,6,0.0253840346526351
"615","immune response to tumor cell","BP",24,2,0.0258185299232614
"616","cellular oxidant detoxification","BP",24,2,0.0258185299232614
"617","negative regulation of protein acetylation","BP",24,2,0.0258185299232614
"618","definitive hemopoiesis","BP",24,2,0.0258185299232614
"619","neuronal stem cell population maintenance","BP",24,2,0.0258185299232614
"620","positive regulation of smooth muscle cell migration","BP",61,3,0.0260398154408492
"621","neuroinflammatory response","BP",61,3,0.0260398154408492
"622","positive regulation of reactive oxygen species biosynthetic process","BP",61,3,0.0260398154408492
"623","cell fate commitment","BP",275,7,0.026074907984453
"624","regulation of cellular process","BP",10737,128,0.0266690763911257
"625","interleukin-6 production","BP",160,5,0.0266817750603702
"626","glial cell development","BP",108,4,0.0268457459470605
"627","carbohydrate metabolic process","BP",539,11,0.0270438430547162
"628","muscle tissue development","BP",471,10,0.0270709132858508
"629","ventricular cardiac muscle tissue development","BP",62,3,0.0271582085909672
"630","regulation of vasculature development","BP",340,8,0.027170212381711
"631","development of primary sexual characteristics","BP",218,6,0.0274611343867577
"632","positive regulation of cyclin-dependent protein serine/threonine kinase activity","BP",25,2,0.0278732307225177
"633","positive regulation of calcium ion import","BP",25,2,0.0278732307225177
"634","positive regulation of blood coagulation","BP",25,2,0.0278732307225177
"635","positive regulation of hemostasis","BP",25,2,0.0278732307225177
"636","detection of biotic stimulus","BP",25,2,0.0278732307225177
"637","protein metabolic process","BP",5333,69,0.0281299329605487
"638","response to growth factor","BP",613,12,0.028416888087685
"639","regulation of cell adhesion","BP",684,13,0.0284422901042878
"640","positive regulation of ion transmembrane transporter activity","BP",110,4,0.0284630772307708
"641","apoptotic mitochondrial changes","BP",110,4,0.0284630772307708
"642","cellular carbohydrate metabolic process","BP",281,7,0.0288526364680732
"643","positive regulation of cell adhesion","BP",410,9,0.0291740280845986
"644","regulation of morphogenesis of an epithelium","BP",111,4,0.029293031432481
"645","regulation of leukocyte chemotaxis","BP",111,4,0.029293031432481
"646","nitrogen compound metabolic process","BP",8892,108,0.0292956118458466
"647","response to chemical","BP",4115,55,0.0295060022428428
"648","regulation of signaling","BP",3341,46,0.0296719063122163
"649","positive regulation of transcription, DNA-templated","BP",1524,24,0.0298482794640493
"650","regulation of apoptotic signaling pathway","BP",412,9,0.0299622925665734
"651","regulation of osteoblast proliferation","BP",26,2,0.0299913259657468
"652","response to superoxide","BP",26,2,0.0299913259657468
"653","positive regulation of positive chemotaxis","BP",26,2,0.0299913259657468
"654","negative regulation of biomineral tissue development","BP",26,2,0.0299913259657468
"655","regulation of monocyte chemotaxis","BP",26,2,0.0299913259657468
"656","uterus development","BP",26,2,0.0299913259657468
"657","polysaccharide metabolic process","BP",112,4,0.0301372239277112
"658","regulation of postsynaptic membrane potential","BP",112,4,0.0301372239277112
"659","positive regulation of cell death","BP",690,13,0.0302142185853171
"660","positive regulation of nucleic acid-templated transcription","BP",1527,24,0.030444810542444
"661","positive regulation of RNA biosynthetic process","BP",1528,24,0.0306456637429674
"662","cell adhesion mediated by integrin","BP",65,3,0.0306650690691447
"663","cellular extravasation","BP",65,3,0.0306650690691447
"664","natural killer cell mediated cytotoxicity","BP",65,3,0.0306650690691447
"665","zymogen activation","BP",65,3,0.0306650690691447
"666","negative regulation of cellular macromolecule biosynthetic process","BP",1372,22,0.0309576937460944
"667","regulation of cell-matrix adhesion","BP",113,4,0.030995685700354
"668","negative regulation of long-term synaptic depression","BP",3,1,0.0310309752862642
"669","positive regulation of monocyte extravasation","BP",3,1,0.0310309752862642
"670","positive regulation of dendritic cell differentiation","BP",3,1,0.0310309752862642
"671","cysteine catabolic process","BP",3,1,0.0310309752862642
"672","L-cysteine catabolic process","BP",3,1,0.0310309752862642
"673","regulation of muscle hyperplasia","BP",3,1,0.0310309752862642
"674","muscle hyperplasia","BP",3,1,0.0310309752862642
"675","leukotriene production involved in inflammatory response","BP",3,1,0.0310309752862642
"676","negative regulation of interleukin-13 secretion","BP",3,1,0.0310309752862642
"677","regulation of monocyte aggregation","BP",3,1,0.0310309752862642
"678","positive regulation of monocyte aggregation","BP",3,1,0.0310309752862642
"679","G2/MI transition of meiotic cell cycle","BP",3,1,0.0310309752862642
"680","regulation of G2/MI transition of meiotic cell cycle","BP",3,1,0.0310309752862642
"681","positive regulation of G2/MI transition of meiotic cell cycle","BP",3,1,0.0310309752862642
"682","negative regulation of catecholamine metabolic process","BP",3,1,0.0310309752862642
"683","negative regulation of dopamine metabolic process","BP",3,1,0.0310309752862642
"684","calcitriol biosynthetic process from calciol","BP",3,1,0.0310309752862642
"685","spinal cord ventral commissure morphogenesis","BP",3,1,0.0310309752862642
"686","olfactory pit development","BP",3,1,0.0310309752862642
"687","protein localization to microtubule plus-end","BP",3,1,0.0310309752862642
"688","protein localization to microtubule end","BP",3,1,0.0310309752862642
"689","prostate epithelial cord elongation","BP",3,1,0.0310309752862642
"690","bronchiole development","BP",3,1,0.0310309752862642
"691","alveolar secondary septum development","BP",3,1,0.0310309752862642
"692","apoptotic process involved in outflow tract morphogenesis","BP",3,1,0.0310309752862642
"693","regulation of apoptotic process involved in outflow tract morphogenesis","BP",3,1,0.0310309752862642
"694","regulation of primitive erythrocyte differentiation","BP",3,1,0.0310309752862642
"695","regulation of peroxidase activity","BP",3,1,0.0310309752862642
"696","extracellular polysaccharide biosynthetic process","BP",3,1,0.0310309752862642
"697","extracellular polysaccharide metabolic process","BP",3,1,0.0310309752862642
"698","prostate gland stromal morphogenesis","BP",3,1,0.0310309752862642
"699","Ran protein signal transduction","BP",3,1,0.0310309752862642
"700","response to hydrostatic pressure","BP",3,1,0.0310309752862642
"701","regulation of thrombin-activated receptor signaling pathway","BP",3,1,0.0310309752862642
"702","negative regulation of thrombin-activated receptor signaling pathway","BP",3,1,0.0310309752862642
"703","ventricular cardiac myofibril assembly","BP",3,1,0.0310309752862642
"704","cerebral cortex tangential migration using cell-axon interactions","BP",3,1,0.0310309752862642
"705","gonadotrophin-releasing hormone neuronal migration to the hypothalamus","BP",3,1,0.0310309752862642
"706","hypothalamic tangential migration using cell-axon interactions","BP",3,1,0.0310309752862642
"707","basal dendrite development","BP",3,1,0.0310309752862642
"708","basal dendrite morphogenesis","BP",3,1,0.0310309752862642
"709","basal dendrite arborization","BP",3,1,0.0310309752862642
"710","facioacoustic ganglion development","BP",3,1,0.0310309752862642
"711","aromatic amino acid family biosynthetic process","BP",3,1,0.0310309752862642
"712","regulation of epithelium regeneration","BP",3,1,0.0310309752862642
"713","epithelium regeneration","BP",3,1,0.0310309752862642
"714","hindbrain tangential cell migration","BP",3,1,0.0310309752862642
"715","response to pyrethroid","BP",3,1,0.0310309752862642
"716","negative regulation of leukocyte tethering or rolling","BP",3,1,0.0310309752862642
"717","renal vesicle induction","BP",3,1,0.0310309752862642
"718","vagus nerve development","BP",3,1,0.0310309752862642
"719","negative regulation of interleukin-12 secretion","BP",3,1,0.0310309752862642
"720","negative regulation of histone phosphorylation","BP",3,1,0.0310309752862642
"721","intestinal D-glucose absorption","BP",3,1,0.0310309752862642
"722","intestinal hexose absorption","BP",3,1,0.0310309752862642
"723","terminal web assembly","BP",3,1,0.0310309752862642
"724","regulation of protein glycosylation in Golgi","BP",3,1,0.0310309752862642
"725","pyrimidine nucleobase catabolic process","BP",3,1,0.0310309752862642
"726","thymine catabolic process","BP",3,1,0.0310309752862642
"727","thymine metabolic process","BP",3,1,0.0310309752862642
"728","axonemal central apparatus assembly","BP",3,1,0.0310309752862642
"729","nucleotide transmembrane transport","BP",3,1,0.0310309752862642
"730","purine-containing compound transmembrane transport","BP",3,1,0.0310309752862642
"731","positive regulation of MDA-5 signaling pathway","BP",3,1,0.0310309752862642
"732","positive regulation of protein localization to cell periphery","BP",66,3,0.0318844027311899
"733","negative regulation of ion transport","BP",168,5,0.0319790355540606
"734","positive regulation of potassium ion transmembrane transporter activity","BP",27,2,0.0321712771339077
"735","response to tumor cell","BP",27,2,0.0321712771339077
"736","leukocyte tethering or rolling","BP",27,2,0.0321712771339077
"737","positive regulation of lipid catabolic process","BP",27,2,0.0321712771339077
"738","response to oxygen radical","BP",27,2,0.0321712771339077
"739","regulation of positive chemotaxis","BP",27,2,0.0321712771339077
"740","negative regulation of axon extension involved in axon guidance","BP",27,2,0.0321712771339077
"741","regulation of small molecule metabolic process","BP",353,8,0.0328645661431078
"742","superoxide metabolic process","BP",67,3,0.0331288170883842
"743","natural killer cell mediated immunity","BP",67,3,0.0331288170883842
"744","regulation of endocytosis","BP",290,7,0.0333842971781792
"745","negative regulation of cellular biosynthetic process","BP",1464,23,0.0338617449747554
"746","positive regulation of RNA metabolic process","BP",1624,25,0.0340374205539609
"747","positive regulation of transmembrane transport","BP",230,6,0.034357149520953
"748","regulation of nitric oxide biosynthetic process","BP",68,3,0.0343982354043596
"749","homotypic cell-cell adhesion","BP",68,3,0.0343982354043596
"750","antigen processing and presentation of peptide antigen","BP",68,3,0.0343982354043596
"751","central nervous system projection neuron axonogenesis","BP",28,2,0.0344115707210869
"752","positive regulation of cyclin-dependent protein kinase activity","BP",28,2,0.0344115707210869
"753","positive regulation of coagulation","BP",28,2,0.0344115707210869
"754","innervation","BP",28,2,0.0344115707210869
"755","negative regulation of axon guidance","BP",28,2,0.0344115707210869
"756","positive regulation of transporter activity","BP",117,4,0.034572749703328
"757","muscle organ development","BP",424,9,0.0350067475618135
"758","regulation of immune system process","BP",1470,23,0.0352204994524561
"759","polyol metabolic process","BP",118,4,0.0355029273715502
"760","positive regulation of transport","BP",1081,18,0.0355630009978482
"761","neuromuscular process controlling balance","BP",69,3,0.0356925738519127
"762","positive regulation of fibroblast proliferation","BP",69,3,0.0356925738519127
"763","response to wounding","BP",495,10,0.0361502408615295
"764","endothelium development","BP",119,4,0.0364475033652685
"765","osteoblast proliferation","BP",29,2,0.0367107178830939
"766","regulation of neuroinflammatory response","BP",29,2,0.0367107178830939
"767","negative regulation of extrinsic apoptotic signaling pathway via death domain receptors","BP",29,2,0.0367107178830939
"768","chordate embryonic development","BP",784,14,0.0369023066537599
"769","polyol biosynthetic process","BP",70,3,0.0370117417292109
"770","cellular homeostasis","BP",934,16,0.0370686032186417
"771","Notch signaling pathway","BP",175,5,0.0371179330333322
"772","male gonad development","BP",120,4,0.0374064899178475
"773","cellular divalent inorganic cation homeostasis","BP",498,10,0.0374178510329623
"774","regulation of molecular function","BP",2461,35,0.0375281745080302
"775","myeloid cell homeostasis","BP",176,5,0.0378910412877415
"776","cellular cation homeostasis","BP",642,12,0.0383460613549964
"777","regulation of cyclin-dependent protein serine/threonine kinase activity","BP",71,3,0.0383556416716716
"778","development of primary male sexual characteristics","BP",121,4,0.0383798966735195
"779","homeostatic process","BP",1887,28,0.0384394639507956
"780","positive regulation of protein secretion","BP",300,7,0.0389502205926513
"781","very long-chain fatty acid metabolic process","BP",30,2,0.0390672540906233
"782","cranial nerve morphogenesis","BP",30,2,0.0390672540906233
"783","cardiac epithelial to mesenchymal transition","BP",30,2,0.0390672540906233
"784","positive regulation of interleukin-6 secretion","BP",30,2,0.0390672540906233
"785","regulation of cell communication","BP",3319,45,0.0393082337132607
"786","cell killing","BP",178,5,0.0394667197426367
"787","regulation of interleukin-1 beta production","BP",72,3,0.0397241698595895
"788","positive regulation of response to wounding","BP",72,3,0.0397241698595895
"789","activation of cysteine-type endopeptidase activity involved in apoptotic process","BP",72,3,0.0397241698595895
"790","neutral lipid metabolic process","BP",123,4,0.0403699965692906
"791","anion transmembrane transport","BP",180,5,0.0410818088655184
"792","amino-acid betaine biosynthetic process","BP",4,1,0.041159986571908
"793","response to iron(II) ion","BP",4,1,0.041159986571908
"794","positive regulation of eosinophil migration","BP",4,1,0.041159986571908
"795","regulation of interleukin-1 beta biosynthetic process","BP",4,1,0.041159986571908
"796","positive regulation of interleukin-1 beta biosynthetic process","BP",4,1,0.041159986571908
"797","negative regulation of inflammatory response to wounding","BP",4,1,0.041159986571908
"798","regulation of monocyte extravasation","BP",4,1,0.041159986571908
"799","arachidonic acid metabolite production involved in inflammatory response","BP",4,1,0.041159986571908
"800","diacylglycerol catabolic process","BP",4,1,0.041159986571908
"801","valine metabolic process","BP",4,1,0.041159986571908
"802","cell proliferation involved in heart valve development","BP",4,1,0.041159986571908
"803","oviduct development","BP",4,1,0.041159986571908
"804","chemokine (C-X-C motif) ligand 12 signaling pathway","BP",4,1,0.041159986571908
"805","regulation of chaperone-mediated autophagy","BP",4,1,0.041159986571908
"806","negative regulation of peroxisome proliferator activated receptor signaling pathway","BP",4,1,0.041159986571908
"807","regulation of aorta morphogenesis","BP",4,1,0.041159986571908
"808","positive regulation of aorta morphogenesis","BP",4,1,0.041159986571908
"809","prostate gland morphogenetic growth","BP",4,1,0.041159986571908
"810","epithelial cell maturation involved in prostate gland development","BP",4,1,0.041159986571908
"811","regulation of transcription from RNA polymerase II promoter involved in ventral spinal cord interneuron specification","BP",4,1,0.041159986571908
"812","Harderian gland development","BP",4,1,0.041159986571908
"813","negative regulation of bile acid biosynthetic process","BP",4,1,0.041159986571908
"814","negative regulation of bile acid metabolic process","BP",4,1,0.041159986571908
"815","glomerular mesangial cell differentiation","BP",4,1,0.041159986571908
"816","glomerular mesangial cell development","BP",4,1,0.041159986571908
"817","negative regulation of dendritic cell apoptotic process","BP",4,1,0.041159986571908
"818","transcriptional activation by promoter-enhancer looping","BP",4,1,0.041159986571908
"819","gene looping","BP",4,1,0.041159986571908
"820","dsDNA loop formation","BP",4,1,0.041159986571908
"821","astrocyte fate commitment","BP",4,1,0.041159986571908
"822","negative regulation of serotonin uptake","BP",4,1,0.041159986571908
"823","histamine metabolic process","BP",4,1,0.041159986571908
"824","secretory columnal luminar epithelial cell differentiation involved in prostate glandular acinus development","BP",4,1,0.041159986571908
"825","trachea cartilage morphogenesis","BP",4,1,0.041159986571908
"826","negative regulation of leukocyte adhesion to vascular endothelial cell","BP",4,1,0.041159986571908
"827","cadmium ion transport","BP",4,1,0.041159986571908
"828","cadmium ion transmembrane transport","BP",4,1,0.041159986571908
"829","hypothalamus gonadotrophin-releasing hormone neuron differentiation","BP",4,1,0.041159986571908
"830","hypothalamus gonadotrophin-releasing hormone neuron development","BP",4,1,0.041159986571908
"831","trunk segmentation","BP",4,1,0.041159986571908
"832","trunk neural crest cell migration","BP",4,1,0.041159986571908
"833","ventral trunk neural crest cell migration","BP",4,1,0.041159986571908
"834","sympathetic neuron projection extension","BP",4,1,0.041159986571908
"835","sympathetic neuron projection guidance","BP",4,1,0.041159986571908
"836","metanephric nephron tubule formation","BP",4,1,0.041159986571908
"837","endocardium formation","BP",4,1,0.041159986571908
"838","pancreas morphogenesis","BP",4,1,0.041159986571908
"839","retinal rod cell differentiation","BP",4,1,0.041159986571908
"840","endocannabinoid signaling pathway","BP",4,1,0.041159986571908
"841","regulation of chaperone-mediated protein folding","BP",4,1,0.041159986571908
"842","basophil activation","BP",4,1,0.041159986571908
"843","endoplasmic reticulum tubular network membrane organization","BP",4,1,0.041159986571908
"844","negative regulation of protein glycosylation","BP",4,1,0.041159986571908
"845","renal sodium ion absorption","BP",4,1,0.041159986571908
"846","wybutosine metabolic process","BP",4,1,0.041159986571908
"847","wybutosine biosynthetic process","BP",4,1,0.041159986571908
"848","negative regulation of receptor recycling","BP",4,1,0.041159986571908
"849","positive regulation of DNA-templated transcription, initiation","BP",31,2,0.0414797387869281
"850","maternal placenta development","BP",31,2,0.0414797387869281
"851","regulation of tumor necrosis factor secretion","BP",31,2,0.0414797387869281
"852","negative regulation of myoblast differentiation","BP",31,2,0.0414797387869281
"853","semi-lunar valve development","BP",31,2,0.0414797387869281
"854","regulation of neutrophil chemotaxis","BP",31,2,0.0414797387869281
"855","positive regulation of interleukin-1 beta secretion","BP",31,2,0.0414797387869281
"856","positive regulation of neurogenesis","BP",580,11,0.0423505800453822
"857","regulation of cellular ketone metabolic process","BP",125,4,0.0424178293432452
"858","regulation of cell differentiation","BP",1905,28,0.0425088196203402
"859","negative regulation of protein polymerization","BP",74,3,0.0425346646339072
"860","columnar/cuboidal epithelial cell development","BP",74,3,0.0425346646339072
"861","immune system process","BP",2655,37,0.0425556044196124
"862","regionalization","BP",372,8,0.0425734378800884
"863","negative regulation of RNA metabolic process","BP",1262,20,0.0427284753645962
"864","protein tetramerization","BP",182,5,0.0427364461660001
"865","cytokine secretion","BP",243,6,0.0429932841655845
"866","positive regulation of protein complex assembly","BP",243,6,0.0429932841655845
"867","cellular metal ion homeostasis","BP",583,11,0.0436659132051522
"868","respiratory system process","BP",32,2,0.0439467550499475
"869","membrane lipid catabolic process","BP",32,2,0.0439467550499475
"870","cell differentiation involved in embryonic placenta development","BP",32,2,0.0439467550499475
"871","centrosome localization","BP",32,2,0.0439467550499475
"872","regulation of cyclin-dependent protein kinase activity","BP",75,3,0.0439763931157815
"873","positive regulation of phagocytosis","BP",75,3,0.0439763931157815
"874","angiogenesis","BP",513,10,0.0442195379813053
"875","phosphatidylinositol 3-kinase signaling","BP",127,4,0.0445233814346462
"876","positive regulation of cell development","BP",658,12,0.0447674789030317
"877","regulation of protein complex assembly","BP",445,9,0.0451886153075034
"878","platelet activation","BP",76,3,0.0454422740206634
"879","T cell mediated cytotoxicity","BP",76,3,0.0454422740206634
"880","alpha-amino acid catabolic process","BP",76,3,0.0454422740206634
"881","cardiac septum development","BP",128,4,0.0455977872920472
"882","signal transduction","BP",6009,75,0.0457344664505323
"883","response to dietary excess","BP",33,2,0.0464669092588346
"884","prostate gland epithelium morphogenesis","BP",33,2,0.0464669092588346
"885","mammary gland epithelial cell proliferation","BP",33,2,0.0464669092588346
"886","tumor necrosis factor secretion","BP",33,2,0.0464669092588346
"887","negative regulation of signal transduction in absence of ligand","BP",33,2,0.0464669092588346
"888","negative regulation of extrinsic apoptotic signaling pathway in absence of ligand","BP",33,2,0.0464669092588346
"889","microtubule organizing center localization","BP",33,2,0.0464669092588346
"890","inorganic ion transmembrane transport","BP",662,12,0.0464828730004273
"891","sphingolipid biosynthetic process","BP",77,3,0.0469321742236745
"892","cellular metabolic process","BP",9331,111,0.0472268108097973
"893","striated muscle cell differentiation","BP",314,7,0.0477145339404778
"894","protein homooligomerization","BP",382,8,0.0483752802395343
"895","myeloid cell development","BP",78,3,0.0484459553051588
"896","coronary vasculature development","BP",78,3,0.0484459553051588
"897","sulfur compound biosynthetic process","BP",78,3,0.0484459553051588
"898","response to drug","BP",892,15,0.0486693187989679
"899","endocardial cushion morphogenesis","BP",34,2,0.0490388307648293
"900","motor neuron axon guidance","BP",34,2,0.0490388307648293
"901","embryonic hindlimb morphogenesis","BP",34,2,0.0490388307648293
"902","prostate gland morphogenesis","BP",34,2,0.0490388307648293
"903","positive regulation of interleukin-10 production","BP",34,2,0.0490388307648293
"904","monovalent inorganic anion homeostasis","BP",34,2,0.0490388307648293
"905","positive regulation of interleukin-1 secretion","BP",34,2,0.0490388307648293
"906","neutral amino acid transport","BP",34,2,0.0490388307648293
"907","chemotaxis","BP",596,11,0.0496911377697472
"908","positive regulation of cellular component organization","BP",1285,20,0.0497822506909959
